,ID,weekly_prediction
0,0x31fc,0.0
1,0x31fd,0.0
2,0x3ed2,0.0
3,0x3ed3,0.0
4,0x4a3a,0.0
5,0x4a3b,0.0
6,0x54b2,0.0
7,0x54b3,0.0
8,0x5d40,0.0
9,0x5d41,0.0
10,0x64de,0.0
11,0x64df,0.0
12,0x6a92,0.0
13,0x6a93,0.0
14,0x6f54,0.0
15,0x6f55,0.0
16,0x74ca,0.0
17,0x74cb,0.0
18,0x794e,0.0
19,0x794f,0.0
20,0x31fe,9.990137511089415
21,0x31ff,2.2324234003665424
22,0x3ed4,12.281556991205889
23,0x3ed5,4.523842880483016
24,0x4a3c,10.634636542945827
25,0x4a3d,4.932504453041474
26,0x54b4,11.24619048888826
27,0x54b5,3.4884763781653874
28,0x5d42,11.27074207937767
29,0x5d43,-0.5981360729822427
30,0x64e0,11.209179611615127
31,0x64e1,3.4514655008922546
32,0x6a94,10.971787814834443
33,0x6a95,3.21407370411157
34,0x6f56,11.304775527029506
35,0x6f57,3.547061416306633
36,0x74cc,10.474639905935192
37,0x74cd,2.7169257952120915
38,0x7950,12.013744311196433
39,0x7951,4.25603020047356
40,0x3200,0.0
41,0x3201,0.0
42,0x3ed6,0.0
43,0x3ed7,0.0
44,0x4a3e,0.0
45,0x4a3f,0.0
46,0x54b6,0.0
47,0x54b7,0.0
48,0x5d44,0.0
49,0x5d45,0.0
50,0x64e2,0.0
51,0x64e3,0.0
52,0x6a96,0.0
53,0x6a97,0.0
54,0x6f58,0.0
55,0x6f59,0.0
56,0x74ce,0.0
57,0x74cf,0.0
58,0x7952,0.0
59,0x7953,0.0
60,0x3202,0.0
61,0x3203,0.0
62,0x3ed8,0.0
63,0x3ed9,0.0
64,0x4a40,0.0
65,0x4a41,0.0
66,0x54b8,0.0
67,0x54b9,0.0
68,0x5d46,0.0
69,0x5d47,0.0
70,0x64e4,0.0
71,0x64e5,0.0
72,0x6a98,0.0
73,0x6a99,0.0
74,0x6f5a,0.0
75,0x6f5b,0.0
76,0x74d0,0.0
77,0x74d1,0.0
78,0x7954,0.0
79,0x7955,0.0
80,0x3204,0.0
81,0x3205,0.0
82,0x3eda,0.0
83,0x3edb,0.0
84,0x4a42,0.0
85,0x4a43,0.0
86,0x54ba,0.0
87,0x54bb,0.0
88,0x5d48,0.0
89,0x5d49,0.0
90,0x64e6,0.0
91,0x64e7,0.0
92,0x6a9a,0.0
93,0x6a9b,0.0
94,0x6f5c,0.0
95,0x6f5d,0.0
96,0x74d2,0.0
97,0x74d3,0.0
98,0x7956,0.0
99,0x7957,0.0
100,0x3206,0.0
101,0x3207,0.0
102,0x3edc,0.0
103,0x3edd,0.0
104,0x4a44,0.0
105,0x4a45,0.0
106,0x54bc,0.0
107,0x54bd,0.0
108,0x5d4a,0.0
109,0x5d4b,0.0
110,0x64e8,0.0
111,0x64e9,0.0
112,0x6a9c,0.0
113,0x6a9d,0.0
114,0x6f5e,0.0
115,0x6f5f,0.0
116,0x74d4,0.0
117,0x74d5,0.0
118,0x7958,0.0
119,0x7959,0.0
120,0x3208,0.0
121,0x3209,0.0
122,0x3ede,0.0
123,0x3edf,0.0
124,0x4a46,0.0
125,0x4a47,0.0
126,0x54be,0.0
127,0x54bf,0.0
128,0x5d4c,0.0
129,0x5d4d,0.0
130,0x64ea,0.0
131,0x64eb,0.0
132,0x6a9e,0.0
133,0x6a9f,0.0
134,0x6f60,0.0
135,0x6f61,0.0
136,0x74d6,0.0
137,0x74d7,0.0
138,0x795a,0.0
139,0x795b,0.0
140,0x320a,0.0
141,0x320b,0.0
142,0x3ee0,0.0
143,0x3ee1,0.0
144,0x4a48,0.0
145,0x4a49,0.0
146,0x54c0,0.0
147,0x54c1,0.0
148,0x5d4e,0.0
149,0x5d4f,0.0
150,0x64ec,0.0
151,0x64ed,0.0
152,0x6aa0,0.0
153,0x6aa1,0.0
154,0x6f62,0.0
155,0x6f63,0.0
156,0x74d8,0.0
157,0x74d9,0.0
158,0x795c,0.0
159,0x795d,0.0
160,0x320c,39.700952695293836
161,0x320d,4.326625224489135
162,0x3ee2,47.72092087570013
163,0x3ee3,18.51333946735099
164,0x4a4a,49.1512363796553
165,0x4a4b,19.943654971306387
166,0x54c2,44.09713811758979
167,0x54c3,10.778392667603612
168,0x5d50,42.12748666348352
169,0x5d51,12.919905255134381
170,0x64ee,39.85643600549702
171,0x64ef,12.704436617966167
172,0x6aa2,39.02556471676439
173,0x6aa3,11.873565329233543
174,0x6f64,44.30218575108347
175,0x6f65,10.983440301097744
176,0x74da,48.59124815011751
177,0x74db,15.272502700131326
178,0x795e,53.97811356853185
179,0x795f,22.71495013936442
180,0x320e,0.0
181,0x320f,0.0
182,0x3ee4,0.0
183,0x3ee5,0.0
184,0x4a4c,0.0
185,0x4a4d,0.0
186,0x54c4,0.0
187,0x54c5,0.0
188,0x5d52,0.0
189,0x5d53,0.0
190,0x64f0,0.0
191,0x64f1,0.0
192,0x6aa4,0.0
193,0x6aa5,0.0
194,0x6f66,0.0
195,0x6f67,0.0
196,0x74dc,0.0
197,0x74dd,0.0
198,0x7960,0.0
199,0x7961,0.0
200,0x3210,0.0
201,0x3211,0.0
202,0x3ee6,0.0
203,0x3ee7,0.0
204,0x4a4e,0.0
205,0x4a4f,0.0
206,0x54c6,0.0
207,0x54c7,0.0
208,0x5d54,0.0
209,0x5d55,0.0
210,0x64f2,0.0
211,0x64f3,0.0
212,0x6aa6,0.0
213,0x6aa7,0.0
214,0x6f68,0.0
215,0x6f69,0.0
216,0x74de,0.0
217,0x74df,0.0
218,0x7962,0.0
219,0x7963,0.0
220,0x3212,0.0
221,0x3213,0.0
222,0x3ee8,0.0
223,0x3ee9,0.0
224,0x4a50,0.0
225,0x4a51,0.0
226,0x54c8,0.0
227,0x54c9,0.0
228,0x5d56,0.0
229,0x5d57,0.0
230,0x64f4,0.0
231,0x64f5,0.0
232,0x6aa8,0.0
233,0x6aa9,0.0
234,0x6f6a,0.0
235,0x6f6b,0.0
236,0x74e0,0.0
237,0x74e1,0.0
238,0x7964,0.0
239,0x7965,0.0
240,0x3214,0.0
241,0x3215,0.0
242,0x3eea,0.0
243,0x3eeb,0.0
244,0x4a52,0.0
245,0x4a53,0.0
246,0x54ca,0.0
247,0x54cb,0.0
248,0x5d58,0.0
249,0x5d59,0.0
250,0x64f6,0.0
251,0x64f7,0.0
252,0x6aaa,0.0
253,0x6aab,0.0
254,0x6f6c,0.0
255,0x6f6d,0.0
256,0x74e2,0.0
257,0x74e3,0.0
258,0x7966,0.0
259,0x7967,0.0
260,0x3216,0.0
261,0x3217,0.0
262,0x3eec,0.0
263,0x3eed,0.0
264,0x4a54,0.0
265,0x4a55,0.0
266,0x54cc,0.0
267,0x54cd,0.0
268,0x5d5a,0.0
269,0x5d5b,0.0
270,0x64f8,0.0
271,0x64f9,0.0
272,0x6aac,0.0
273,0x6aad,0.0
274,0x6f6e,0.0
275,0x6f6f,0.0
276,0x74e4,0.0
277,0x74e5,0.0
278,0x7968,0.0
279,0x7969,0.0
280,0x3218,0.0
281,0x3219,0.0
282,0x3eee,0.0
283,0x3eef,0.0
284,0x4a56,0.0
285,0x4a57,0.0
286,0x54ce,0.0
287,0x54cf,0.0
288,0x5d5c,0.0
289,0x5d5d,0.0
290,0x64fa,0.0
291,0x64fb,0.0
292,0x6aae,0.0
293,0x6aaf,0.0
294,0x6f70,0.0
295,0x6f71,0.0
296,0x74e6,0.0
297,0x74e7,0.0
298,0x796a,0.0
299,0x796b,0.0
300,0x321a,40.172537453033556
301,0x321b,4.798209982229537
302,0x3ef0,48.19250563344053
303,0x3ef1,21.040506245910137
304,0x4a58,49.62282113739525
305,0x4a59,20.415239729046334
306,0x54d0,44.56872287532951
307,0x54d1,13.305559446162306
308,0x5d5e,42.599071421223925
309,0x5d5f,9.280325971237971
310,0x64fc,40.32802076323674
311,0x64fd,13.176021375706341
312,0x6ab0,41.55273149532263
313,0x6ab1,10.289568066155198
314,0x6f72,44.77377050882387
315,0x6f73,13.510607079656438
316,0x74e8,49.06283290785768
317,0x74e9,13.688505437053209
318,0x796c,54.449698326272255
319,0x796d,27.29769893874186
320,0x321c,0.0
321,0x321d,0.0
322,0x3ef2,0.0
323,0x3ef3,0.0
324,0x4a5a,0.0
325,0x4a5b,0.0
326,0x54d2,0.0
327,0x54d3,0.0
328,0x5d60,0.0
329,0x5d61,0.0
330,0x64fe,0.0
331,0x64ff,0.0
332,0x6ab2,0.0
333,0x6ab3,0.0
334,0x6f74,0.0
335,0x6f75,0.0
336,0x74ea,0.0
337,0x74eb,0.0
338,0x796e,0.0
339,0x796f,0.0
340,0x321e,0.0
341,0x321f,0.0
342,0x3ef4,0.0
343,0x3ef5,0.0
344,0x4a5c,0.0
345,0x4a5d,0.0
346,0x54d4,0.0
347,0x54d5,0.0
348,0x5d62,0.0
349,0x5d63,0.0
350,0x6500,0.0
351,0x6501,0.0
352,0x6ab4,0.0
353,0x6ab5,0.0
354,0x6f76,0.0
355,0x6f77,0.0
356,0x74ec,0.0
357,0x74ed,0.0
358,0x7970,0.0
359,0x7971,0.0
360,0x3220,0.0
361,0x3221,0.0
362,0x3ef6,0.0
363,0x3ef7,0.0
364,0x4a5e,0.0
365,0x4a5f,0.0
366,0x54d6,0.0
367,0x54d7,0.0
368,0x5d64,0.0
369,0x5d65,0.0
370,0x6502,0.0
371,0x6503,0.0
372,0x6ab6,0.0
373,0x6ab7,0.0
374,0x6f78,0.0
375,0x6f79,0.0
376,0x74ee,0.0
377,0x74ef,0.0
378,0x7972,0.0
379,0x7973,0.0
380,0x3222,0.0
381,0x3223,0.0
382,0x3ef8,0.0
383,0x3ef9,0.0
384,0x4a60,0.0
385,0x4a61,0.0
386,0x54d8,0.0
387,0x54d9,0.0
388,0x5d66,0.0
389,0x5d67,0.0
390,0x6504,0.0
391,0x6505,0.0
392,0x6ab8,0.0
393,0x6ab9,0.0
394,0x6f7a,0.0
395,0x6f7b,0.0
396,0x74f0,0.0
397,0x74f1,0.0
398,0x7974,0.0
399,0x7975,0.0
400,0x3224,0.0
401,0x3225,0.0
402,0x3efa,0.0
403,0x3efb,0.0
404,0x4a62,0.0
405,0x4a63,0.0
406,0x54da,0.0
407,0x54db,0.0
408,0x5d68,0.0
409,0x5d69,0.0
410,0x6506,0.0
411,0x6507,0.0
412,0x6aba,0.0
413,0x6abb,0.0
414,0x6f7c,0.0
415,0x6f7d,0.0
416,0x74f2,0.0
417,0x74f3,0.0
418,0x7976,0.0
419,0x7977,0.0
420,0x3226,0.0
421,0x3227,0.0
422,0x3efc,0.0
423,0x3efd,0.0
424,0x4a64,0.0
425,0x4a65,0.0
426,0x54dc,0.0
427,0x54dd,0.0
428,0x5d6a,0.0
429,0x5d6b,0.0
430,0x6508,0.0
431,0x6509,0.0
432,0x6abc,0.0
433,0x6abd,0.0
434,0x6f7e,0.0
435,0x6f7f,0.0
436,0x74f4,0.0
437,0x74f5,0.0
438,0x7978,0.0
439,0x7979,0.0
440,0x3228,40.57492412873398
441,0x3229,7.256178678747801
442,0x3efe,48.59489230914073
443,0x3eff,19.387310900791363
444,0x4a66,50.02520781309545
445,0x4a67,16.706462363109267
446,0x54de,42.91552753021165
447,0x54df,17.81911016349909
448,0x5d6c,38.890294055287086
449,0x5d6d,15.849458709393275
450,0x650a,44.841571480573975
451,0x650b,13.578408051406086
452,0x6abe,41.95511817102306
453,0x6abf,8.63637272103665
454,0x6f80,45.1761571845243
455,0x6f81,11.85741173453789
456,0x74f6,49.465219583557655
457,0x74f7,14.090892112752954
458,0x797a,54.852085001972
459,0x797b,25.64450359362263
460,0x322a,0.0
461,0x322b,0.0
462,0x3f00,0.0
463,0x3f01,0.0
464,0x4a68,0.0
465,0x4a69,0.0
466,0x54e0,0.0
467,0x54e1,0.0
468,0x5d6e,0.0
469,0x5d6f,0.0
470,0x650c,0.0
471,0x650d,0.0
472,0x6ac0,0.0
473,0x6ac1,0.0
474,0x6f82,0.0
475,0x6f83,0.0
476,0x74f8,0.0
477,0x74f9,0.0
478,0x797c,0.0
479,0x797d,0.0
480,0x322c,0.0
481,0x322d,0.0
482,0x3f02,0.0
483,0x3f03,0.0
484,0x4a6a,0.0
485,0x4a6b,0.0
486,0x54e2,0.0
487,0x54e3,0.0
488,0x5d70,0.0
489,0x5d71,0.0
490,0x650e,0.0
491,0x650f,0.0
492,0x6ac2,0.0
493,0x6ac3,0.0
494,0x6f84,0.0
495,0x6f85,0.0
496,0x74fa,0.0
497,0x74fb,0.0
498,0x797e,0.0
499,0x797f,0.0
500,0x322e,0.0
501,0x322f,0.0
502,0x3f04,0.0
503,0x3f05,0.0
504,0x4a6c,0.0
505,0x4a6d,0.0
506,0x54e4,0.0
507,0x54e5,0.0
508,0x5d72,0.0
509,0x5d73,0.0
510,0x6510,0.0
511,0x6511,0.0
512,0x6ac4,0.0
513,0x6ac5,0.0
514,0x6f86,0.0
515,0x6f87,0.0
516,0x74fc,0.0
517,0x74fd,0.0
518,0x7980,0.0
519,0x7981,0.0
520,0x3230,0.0
521,0x3231,0.0
522,0x3f06,0.0
523,0x3f07,0.0
524,0x4a6e,0.0
525,0x4a6f,0.0
526,0x54e6,0.0
527,0x54e7,0.0
528,0x5d74,0.0
529,0x5d75,0.0
530,0x6512,0.0
531,0x6513,0.0
532,0x6ac6,0.0
533,0x6ac7,0.0
534,0x6f88,0.0
535,0x6f89,0.0
536,0x74fe,0.0
537,0x74ff,0.0
538,0x7982,0.0
539,0x7983,0.0
540,0x3232,0.0
541,0x3233,0.0
542,0x3f08,0.0
543,0x3f09,0.0
544,0x4a70,0.0
545,0x4a71,0.0
546,0x54e8,0.0
547,0x54e9,0.0
548,0x5d76,0.0
549,0x5d77,0.0
550,0x6514,0.0
551,0x6515,0.0
552,0x6ac8,0.0
553,0x6ac9,0.0
554,0x6f8a,0.0
555,0x6f8b,0.0
556,0x7500,0.0
557,0x7501,0.0
558,0x7984,0.0
559,0x7985,0.0
560,0x3234,0.0
561,0x3235,0.0
562,0x3f0a,0.0
563,0x3f0b,0.0
564,0x4a72,0.0
565,0x4a73,0.0
566,0x54ea,0.0
567,0x54eb,0.0
568,0x5d78,0.0
569,0x5d79,0.0
570,0x6516,0.0
571,0x6517,0.0
572,0x6aca,0.0
573,0x6acb,0.0
574,0x6f8c,0.0
575,0x6f8d,0.0
576,0x7502,0.0
577,0x7503,0.0
578,0x7986,0.0
579,0x7987,0.0
580,0x3236,38.75208526875713
581,0x3237,7.488921839589466
582,0x3f0c,48.82763546998194
583,0x3f0d,19.6200540616328
584,0x4a74,50.25795097393734
585,0x4a75,21.05036956558797
586,0x54ec,45.203852711871605
587,0x54ed,11.885107261885196
588,0x5d7a,43.234201257765335
589,0x5d7b,9.915455807779153
590,0x6518,40.96315059977883
591,0x6519,11.755569191429458
592,0x6acc,44.243443352683244
593,0x6acd,15.035861944333874
594,0x6f8e,45.40890034536574
595,0x6f8f,14.145736916197848
596,0x7504,49.69796274439932
597,0x7505,20.49038133604995
598,0x7988,55.084828162813665
599,0x7989,23.821664733645775
600,0x3238,0.0
601,0x3239,0.0
602,0x3f0e,0.0
603,0x3f0f,0.0
604,0x4a76,0.0
605,0x4a77,0.0
606,0x54ee,0.0
607,0x54ef,0.0
608,0x5d7c,0.0
609,0x5d7d,0.0
610,0x651a,0.0
611,0x651b,0.0
612,0x6ace,0.0
613,0x6acf,0.0
614,0x6f90,0.0
615,0x6f91,0.0
616,0x7506,0.0
617,0x7507,0.0
618,0x798a,0.0
619,0x798b,0.0
620,0x323a,0.0
621,0x323b,0.0
622,0x3f10,0.0
623,0x3f11,0.0
624,0x4a78,0.0
625,0x4a79,0.0
626,0x54f0,0.0
627,0x54f1,0.0
628,0x5d7e,0.0
629,0x5d7f,0.0
630,0x651c,0.0
631,0x651d,0.0
632,0x6ad0,0.0
633,0x6ad1,0.0
634,0x6f92,0.0
635,0x6f93,0.0
636,0x7508,0.0
637,0x7509,0.0
638,0x798c,0.0
639,0x798d,0.0
640,0x323c,0.0
641,0x323d,0.0
642,0x3f12,0.0
643,0x3f13,0.0
644,0x4a7a,0.0
645,0x4a7b,0.0
646,0x54f2,0.0
647,0x54f3,0.0
648,0x5d80,0.0
649,0x5d81,0.0
650,0x651e,0.0
651,0x651f,0.0
652,0x6ad2,0.0
653,0x6ad3,0.0
654,0x6f94,0.0
655,0x6f95,0.0
656,0x750a,0.0
657,0x750b,0.0
658,0x798e,0.0
659,0x798f,0.0
660,0x323e,0.0
661,0x323f,0.0
662,0x3f14,0.0
663,0x3f15,0.0
664,0x4a7c,0.0
665,0x4a7d,0.0
666,0x54f4,0.0
667,0x54f5,0.0
668,0x5d82,0.0
669,0x5d83,0.0
670,0x6520,0.0
671,0x6521,0.0
672,0x6ad4,0.0
673,0x6ad5,0.0
674,0x6f96,0.0
675,0x6f97,0.0
676,0x750c,0.0
677,0x750d,0.0
678,0x7990,0.0
679,0x7991,0.0
680,0x3240,0.0
681,0x3241,0.0
682,0x3f16,0.0
683,0x3f17,0.0
684,0x4a7e,0.0
685,0x4a7f,0.0
686,0x54f6,0.0
687,0x54f7,0.0
688,0x5d84,0.0
689,0x5d85,0.0
690,0x6522,0.0
691,0x6523,0.0
692,0x6ad6,0.0
693,0x6ad7,0.0
694,0x6f98,0.0
695,0x6f99,0.0
696,0x750e,0.0
697,0x750f,0.0
698,0x7992,0.0
699,0x7993,0.0
700,0x3242,0.0
701,0x3243,0.0
702,0x3f18,0.0
703,0x3f19,0.0
704,0x4a80,0.0
705,0x4a81,0.0
706,0x54f8,0.0
707,0x54f9,0.0
708,0x5d86,0.0
709,0x5d87,0.0
710,0x6524,0.0
711,0x6525,0.0
712,0x6ad8,0.0
713,0x6ad9,0.0
714,0x6f9a,0.0
715,0x6f9b,0.0
716,0x7510,0.0
717,0x7511,0.0
718,0x7994,0.0
719,0x7995,0.0
720,0x3244,41.236492659866144
721,0x3245,14.084493272335521
722,0x3f1a,49.256460840272666
723,0x3f1b,22.104461452742044
724,0x4a82,50.68677634422784
725,0x4a83,21.479194935878695
726,0x54fa,45.6326780821621
727,0x54fb,14.369514652994667
728,0x5d88,41.607444607237085
729,0x5d89,12.39986319888817
730,0x6526,43.44755799088762
731,0x6527,14.239976582538475
732,0x6ada,40.5611046813367
733,0x6adb,13.409105293806078
734,0x6f9c,45.837725715656006
735,0x6f9d,14.574562286488344
736,0x7512,48.0712060938713
737,0x7513,16.808042664703862
738,0x7996,55.51365353310439
739,0x7997,22.194908083118207
740,0x3246,0.0
741,0x3247,0.0
742,0x3f1c,0.0
743,0x3f1d,0.0
744,0x4a84,0.0
745,0x4a85,0.0
746,0x54fc,0.0
747,0x54fd,0.0
748,0x5d8a,0.0
749,0x5d8b,0.0
750,0x6528,0.0
751,0x6529,0.0
752,0x6adc,0.0
753,0x6add,0.0
754,0x6f9e,0.0
755,0x6f9f,0.0
756,0x7514,0.0
757,0x7515,0.0
758,0x7998,0.0
759,0x7999,0.0
760,0x3248,0.0
761,0x3249,0.0
762,0x3f1e,0.0
763,0x3f1f,0.0
764,0x4a86,0.0
765,0x4a87,0.0
766,0x54fe,0.0
767,0x54ff,0.0
768,0x5d8c,0.0
769,0x5d8d,0.0
770,0x652a,0.0
771,0x652b,0.0
772,0x6ade,0.0
773,0x6adf,0.0
774,0x6fa0,0.0
775,0x6fa1,0.0
776,0x7516,0.0
777,0x7517,0.0
778,0x799a,0.0
779,0x799b,0.0
780,0x324a,0.0
781,0x324b,0.0
782,0x3f20,0.0
783,0x3f21,0.0
784,0x4a88,0.0
785,0x4a89,0.0
786,0x5500,0.0
787,0x5501,0.0
788,0x5d8e,0.0
789,0x5d8f,0.0
790,0x652c,0.0
791,0x652d,0.0
792,0x6ae0,0.0
793,0x6ae1,0.0
794,0x6fa2,0.0
795,0x6fa3,0.0
796,0x7518,0.0
797,0x7519,0.0
798,0x799c,0.0
799,0x799d,0.0
800,0x324c,0.0
801,0x324d,0.0
802,0x3f22,0.0
803,0x3f23,0.0
804,0x4a8a,0.0
805,0x4a8b,0.0
806,0x5502,0.0
807,0x5503,0.0
808,0x5d90,0.0
809,0x5d91,0.0
810,0x652e,0.0
811,0x652f,0.0
812,0x6ae2,0.0
813,0x6ae3,0.0
814,0x6fa4,0.0
815,0x6fa5,0.0
816,0x751a,0.0
817,0x751b,0.0
818,0x799e,0.0
819,0x799f,0.0
820,0x324e,0.0
821,0x324f,0.0
822,0x3f24,0.0
823,0x3f25,0.0
824,0x4a8c,0.0
825,0x4a8d,0.0
826,0x5504,0.0
827,0x5505,0.0
828,0x5d92,0.0
829,0x5d93,0.0
830,0x6530,0.0
831,0x6531,0.0
832,0x6ae4,0.0
833,0x6ae5,0.0
834,0x6fa6,0.0
835,0x6fa7,0.0
836,0x751c,0.0
837,0x751d,0.0
838,0x79a0,0.0
839,0x79a1,0.0
840,0x3250,0.0
841,0x3251,0.0
842,0x3f26,0.0
843,0x3f27,0.0
844,0x4a8e,0.0
845,0x4a8f,0.0
846,0x5506,0.0
847,0x5507,0.0
848,0x5d94,0.0
849,0x5d95,0.0
850,0x6532,0.0
851,0x6533,0.0
852,0x6ae6,0.0
853,0x6ae7,0.0
854,0x6fa8,0.0
855,0x6fa9,0.0
856,0x751e,0.0
857,0x751f,0.0
858,0x79a2,0.0
859,0x79a3,0.0
860,0x3252,40.83235381240843
861,0x3253,9.569190383240993
862,0x3f28,48.85232199281518
863,0x3f29,17.58915856364729
864,0x4a90,50.28263749677035
865,0x4a91,21.07505608842098
866,0x5508,45.228539234704385
867,0x5509,16.020957826355243
868,0x5d96,43.25888778059857
869,0x5d97,11.995724351430681
870,0x6534,40.987837122611836
871,0x6535,15.89141975589905
872,0x6ae8,40.156965833878985
873,0x6ae9,10.949384425529615
874,0x6faa,45.433586868198745
875,0x6fab,12.114841418212336
876,0x7520,49.72264926723233
877,0x7521,16.403903817246146
878,0x79a4,55.1095146856469
879,0x79a5,25.90193327729753
880,0x3254,0.0
881,0x3255,0.0
882,0x3f2a,0.0
883,0x3f2b,0.0
884,0x4a92,0.0
885,0x4a93,0.0
886,0x550a,0.0
887,0x550b,0.0
888,0x5d98,0.0
889,0x5d99,0.0
890,0x6536,0.0
891,0x6537,0.0
892,0x6aea,0.0
893,0x6aeb,0.0
894,0x6fac,0.0
895,0x6fad,0.0
896,0x7522,0.0
897,0x7523,0.0
898,0x79a6,0.0
899,0x79a7,0.0
900,0x3256,0.0
901,0x3257,0.0
902,0x3f2c,0.0
903,0x3f2d,0.0
904,0x4a94,0.0
905,0x4a95,0.0
906,0x550c,0.0
907,0x550d,0.0
908,0x5d9a,0.0
909,0x5d9b,0.0
910,0x6538,0.0
911,0x6539,0.0
912,0x6aec,0.0
913,0x6aed,0.0
914,0x6fae,0.0
915,0x6faf,0.0
916,0x7524,0.0
917,0x7525,0.0
918,0x79a8,0.0
919,0x79a9,0.0
920,0x3258,0.0
921,0x3259,0.0
922,0x3f2e,0.0
923,0x3f2f,0.0
924,0x4a96,0.0
925,0x4a97,0.0
926,0x550e,0.0
927,0x550f,0.0
928,0x5d9c,0.0
929,0x5d9d,0.0
930,0x653a,0.0
931,0x653b,0.0
932,0x6aee,0.0
933,0x6aef,0.0
934,0x6fb0,0.0
935,0x6fb1,0.0
936,0x7526,0.0
937,0x7527,0.0
938,0x79aa,0.0
939,0x79ab,0.0
940,0x325a,0.0
941,0x325b,0.0
942,0x3f30,0.0
943,0x3f31,0.0
944,0x4a98,0.0
945,0x4a99,0.0
946,0x5510,0.0
947,0x5511,0.0
948,0x5d9e,0.0
949,0x5d9f,0.0
950,0x653c,0.0
951,0x653d,0.0
952,0x6af0,0.0
953,0x6af1,0.0
954,0x6fb2,0.0
955,0x6fb3,0.0
956,0x7528,0.0
957,0x7529,0.0
958,0x79ac,0.0
959,0x79ad,0.0
960,0x325c,0.0
961,0x325d,0.0
962,0x3f32,0.0
963,0x3f33,0.0
964,0x4a9a,0.0
965,0x4a9b,0.0
966,0x5512,0.0
967,0x5513,0.0
968,0x5da0,0.0
969,0x5da1,0.0
970,0x653e,0.0
971,0x653f,0.0
972,0x6af2,0.0
973,0x6af3,0.0
974,0x6fb4,0.0
975,0x6fb5,0.0
976,0x752a,0.0
977,0x752b,0.0
978,0x79ae,0.0
979,0x79af,0.0
980,0x325e,0.0
981,0x325f,0.0
982,0x3f34,0.0
983,0x3f35,0.0
984,0x4a9c,0.0
985,0x4a9d,0.0
986,0x5514,0.0
987,0x5515,0.0
988,0x5da2,0.0
989,0x5da3,0.0
990,0x6540,0.0
991,0x6541,0.0
992,0x6af4,0.0
993,0x6af5,0.0
994,0x6fb6,0.0
995,0x6fb7,0.0
996,0x752c,0.0
997,0x752d,0.0
998,0x79b0,0.0
999,0x79b1,0.0
1000,0x3260,41.54656479106643
1001,0x3261,6.172237320262184
1002,0x3f36,49.566532971472725
1003,0x3f37,20.358951563124037
1004,0x4a9e,50.996848475427896
1005,0x4a9f,19.733685046260916
1006,0x5516,43.88716819254387
1007,0x5517,12.62400476337666
1008,0x5da4,43.97309875925657
1009,0x5da5,8.598771288452326
1010,0x6542,45.81321214290642
1011,0x6543,16.605630734557735
1012,0x6af6,38.81559479171847
1013,0x6af7,9.60801338336978
1014,0x6fb8,46.14779784685652
1015,0x6fb9,14.884634417689313
1016,0x752e,50.436860245889875
1017,0x752f,21.229278837541187
1018,0x79b2,55.82372566430445
1019,0x79b3,22.50498021431872
1020,0x3262,0.0
1021,0x3263,0.0
1022,0x3f38,0.0
1023,0x3f39,0.0
1024,0x4aa0,0.0
1025,0x4aa1,0.0
1026,0x5518,0.0
1027,0x5519,0.0
1028,0x5da6,0.0
1029,0x5da7,0.0
1030,0x6544,0.0
1031,0x6545,0.0
1032,0x6af8,0.0
1033,0x6af9,0.0
1034,0x6fba,0.0
1035,0x6fbb,0.0
1036,0x7530,0.0
1037,0x7531,0.0
1038,0x79b4,0.0
1039,0x79b5,0.0
1040,0x3264,0.0
1041,0x3265,0.0
1042,0x3f3a,0.0
1043,0x3f3b,0.0
1044,0x4aa2,0.0
1045,0x4aa3,0.0
1046,0x551a,0.0
1047,0x551b,0.0
1048,0x5da8,0.0
1049,0x5da9,0.0
1050,0x6546,0.0
1051,0x6547,0.0
1052,0x6afa,0.0
1053,0x6afb,0.0
1054,0x6fbc,0.0
1055,0x6fbd,0.0
1056,0x7532,0.0
1057,0x7533,0.0
1058,0x79b6,0.0
1059,0x79b7,0.0
1060,0x3266,0.0
1061,0x3267,0.0
1062,0x3f3c,0.0
1063,0x3f3d,0.0
1064,0x4aa4,0.0
1065,0x4aa5,0.0
1066,0x551c,0.0
1067,0x551d,0.0
1068,0x5daa,0.0
1069,0x5dab,0.0
1070,0x6548,0.0
1071,0x6549,0.0
1072,0x6afc,0.0
1073,0x6afd,0.0
1074,0x6fbe,0.0
1075,0x6fbf,0.0
1076,0x7534,0.0
1077,0x7535,0.0
1078,0x79b8,0.0
1079,0x79b9,0.0
1080,0x3268,0.0
1081,0x3269,0.0
1082,0x3f3e,0.0
1083,0x3f3f,0.0
1084,0x4aa6,0.0
1085,0x4aa7,0.0
1086,0x551e,0.0
1087,0x551f,0.0
1088,0x5dac,0.0
1089,0x5dad,0.0
1090,0x654a,0.0
1091,0x654b,0.0
1092,0x6afe,0.0
1093,0x6aff,0.0
1094,0x6fc0,0.0
1095,0x6fc1,0.0
1096,0x7536,0.0
1097,0x7537,0.0
1098,0x79ba,0.0
1099,0x79bb,0.0
1100,0x326a,0.0
1101,0x326b,0.0
1102,0x3f40,0.0
1103,0x3f41,0.0
1104,0x4aa8,0.0
1105,0x4aa9,0.0
1106,0x5520,0.0
1107,0x5521,0.0
1108,0x5dae,0.0
1109,0x5daf,0.0
1110,0x654c,0.0
1111,0x654d,0.0
1112,0x6b00,0.0
1113,0x6b01,0.0
1114,0x6fc2,0.0
1115,0x6fc3,0.0
1116,0x7538,0.0
1117,0x7539,0.0
1118,0x79bc,0.0
1119,0x79bd,0.0
1120,0x326c,0.0
1121,0x326d,0.0
1122,0x3f42,0.0
1123,0x3f43,0.0
1124,0x4aaa,0.0
1125,0x4aab,0.0
1126,0x5522,0.0
1127,0x5523,0.0
1128,0x5db0,0.0
1129,0x5db1,0.0
1130,0x654e,0.0
1131,0x654f,0.0
1132,0x6b02,0.0
1133,0x6b03,0.0
1134,0x6fc4,0.0
1135,0x6fc5,0.0
1136,0x753a,0.0
1137,0x753b,0.0
1138,0x79be,0.0
1139,0x79bf,0.0
1140,0x326e,39.007238532240535
1141,0x326f,5.688493082255263
1142,0x3f44,49.082788733465804
1143,0x3f45,19.875207325117344
1144,0x4aac,50.513104237420976
1145,0x4aad,23.361104849891035
1146,0x5524,45.459005975354785
1147,0x5525,14.195842546187805
1148,0x5db2,41.433772500429995
1149,0x5db3,10.170609071263243
1150,0x6550,45.32946790489882
1151,0x6551,9.955140434095256
1152,0x6b04,42.44301459534768
1153,0x6b05,13.235433186999444
1154,0x6fc6,45.66405360884869
1155,0x6fc7,18.51205422131875
1156,0x753c,49.953116007882954
1157,0x753d,22.801116620353014
1158,0x79c0,55.33998142629753
1159,0x79c1,22.021235976312028
1160,0x3270,0.0
1161,0x3271,0.0
1162,0x3f46,0.0
1163,0x3f47,0.0
1164,0x4aae,0.0
1165,0x4aaf,0.0
1166,0x5526,0.0
1167,0x5527,0.0
1168,0x5db4,0.0
1169,0x5db5,0.0
1170,0x6552,0.0
1171,0x6553,0.0
1172,0x6b06,0.0
1173,0x6b07,0.0
1174,0x6fc8,0.0
1175,0x6fc9,0.0
1176,0x753e,0.0
1177,0x753f,0.0
1178,0x79c2,0.0
1179,0x79c3,0.0
1180,0x3272,0.0
1181,0x3273,0.0
1182,0x3f48,0.0
1183,0x3f49,0.0
1184,0x4ab0,0.0
1185,0x4ab1,0.0
1186,0x5528,0.0
1187,0x5529,0.0
1188,0x5db6,0.0
1189,0x5db7,0.0
1190,0x6554,0.0
1191,0x6555,0.0
1192,0x6b08,0.0
1193,0x6b09,0.0
1194,0x6fca,0.0
1195,0x6fcb,0.0
1196,0x7540,0.0
1197,0x7541,0.0
1198,0x79c4,0.0
1199,0x79c5,0.0
1200,0x3274,0.0
1201,0x3275,0.0
1202,0x3f4a,0.0
1203,0x3f4b,0.0
1204,0x4ab2,0.0
1205,0x4ab3,0.0
1206,0x552a,0.0
1207,0x552b,0.0
1208,0x5db8,0.0
1209,0x5db9,0.0
1210,0x6556,0.0
1211,0x6557,0.0
1212,0x6b0a,0.0
1213,0x6b0b,0.0
1214,0x6fcc,0.0
1215,0x6fcd,0.0
1216,0x7542,0.0
1217,0x7543,0.0
1218,0x79c6,0.0
1219,0x79c7,0.0
1220,0x3276,0.0
1221,0x3277,0.0
1222,0x3f4c,0.0
1223,0x3f4d,0.0
1224,0x4ab4,0.0
1225,0x4ab5,0.0
1226,0x552c,0.0
1227,0x552d,0.0
1228,0x5dba,0.0
1229,0x5dbb,0.0
1230,0x6558,0.0
1231,0x6559,0.0
1232,0x6b0c,0.0
1233,0x6b0d,0.0
1234,0x6fce,0.0
1235,0x6fcf,0.0
1236,0x7544,0.0
1237,0x7545,0.0
1238,0x79c8,0.0
1239,0x79c9,0.0
1240,0x3278,0.0
1241,0x3279,0.0
1242,0x3f4e,0.0
1243,0x3f4f,0.0
1244,0x4ab6,0.0
1245,0x4ab7,0.0
1246,0x552e,0.0
1247,0x552f,0.0
1248,0x5dbc,0.0
1249,0x5dbd,0.0
1250,0x655a,0.0
1251,0x655b,0.0
1252,0x6b0e,0.0
1253,0x6b0f,0.0
1254,0x6fd0,0.0
1255,0x6fd1,0.0
1256,0x7546,0.0
1257,0x7547,0.0
1258,0x79ca,0.0
1259,0x79cb,0.0
1260,0x327a,0.0
1261,0x327b,0.0
1262,0x3f50,0.0
1263,0x3f51,0.0
1264,0x4ab8,0.0
1265,0x4ab9,0.0
1266,0x5530,0.0
1267,0x5531,0.0
1268,0x5dbe,0.0
1269,0x5dbf,0.0
1270,0x655c,0.0
1271,0x655d,0.0
1272,0x6b10,0.0
1273,0x6b11,0.0
1274,0x6fd2,0.0
1275,0x6fd3,0.0
1276,0x7548,0.0
1277,0x7549,0.0
1278,0x79cc,0.0
1279,0x79cd,0.0
1280,0x327c,40.913443976576445
1281,0x327d,13.76144458904605
1282,0x3f52,50.98899417780126
1283,0x3f53,23.836994790270865
1284,0x4aba,52.41930968175643
1285,0x4abb,21.156146252589224
1286,0x5532,47.36521141969092
1287,0x5533,18.157630011342235
1288,0x5dc0,45.395559965584425
1289,0x5dc1,16.187978557235738
1290,0x655e,45.18009132841644
1291,0x655f,11.861345878430484
1292,0x6b12,44.34922003968404
1293,0x6b13,13.086056610516607
1294,0x6fd4,47.57025905318483
1295,0x6fd5,20.418259665654432
1296,0x754a,51.85932145221864
1297,0x754b,20.596158023051203
1298,0x79ce,57.24618687063298
1299,0x79cf,25.983023441465775
1300,0x327e,0.0
1301,0x327f,0.0
1302,0x3f54,0.0
1303,0x3f55,0.0
1304,0x4abc,0.0
1305,0x4abd,0.0
1306,0x5534,0.0
1307,0x5535,0.0
1308,0x5dc2,0.0
1309,0x5dc3,0.0
1310,0x6560,0.0
1311,0x6561,0.0
1312,0x6b14,0.0
1313,0x6b15,0.0
1314,0x6fd6,0.0
1315,0x6fd7,0.0
1316,0x754c,0.0
1317,0x754d,0.0
1318,0x79d0,0.0
1319,0x79d1,0.0
1320,0x3280,0.0
1321,0x3281,0.0
1322,0x3f56,0.0
1323,0x3f57,0.0
1324,0x4abe,0.0
1325,0x4abf,0.0
1326,0x5536,0.0
1327,0x5537,0.0
1328,0x5dc4,0.0
1329,0x5dc5,0.0
1330,0x6562,0.0
1331,0x6563,0.0
1332,0x6b16,0.0
1333,0x6b17,0.0
1334,0x6fd8,0.0
1335,0x6fd9,0.0
1336,0x754e,0.0
1337,0x754f,0.0
1338,0x79d2,0.0
1339,0x79d3,0.0
1340,0x3282,0.0
1341,0x3283,0.0
1342,0x3f58,0.0
1343,0x3f59,0.0
1344,0x4ac0,0.0
1345,0x4ac1,0.0
1346,0x5538,0.0
1347,0x5539,0.0
1348,0x5dc6,0.0
1349,0x5dc7,0.0
1350,0x6564,0.0
1351,0x6565,0.0
1352,0x6b18,0.0
1353,0x6b19,0.0
1354,0x6fda,0.0
1355,0x6fdb,0.0
1356,0x7550,0.0
1357,0x7551,0.0
1358,0x79d4,0.0
1359,0x79d5,0.0
1360,0x3284,0.0
1361,0x3285,0.0
1362,0x3f5a,0.0
1363,0x3f5b,0.0
1364,0x4ac2,0.0
1365,0x4ac3,0.0
1366,0x553a,0.0
1367,0x553b,0.0
1368,0x5dc8,0.0
1369,0x5dc9,0.0
1370,0x6566,0.0
1371,0x6567,0.0
1372,0x6b1a,0.0
1373,0x6b1b,0.0
1374,0x6fdc,0.0
1375,0x6fdd,0.0
1376,0x7552,0.0
1377,0x7553,0.0
1378,0x79d6,0.0
1379,0x79d7,0.0
1380,0x3286,0.0
1381,0x3287,0.0
1382,0x3f5c,0.0
1383,0x3f5d,0.0
1384,0x4ac4,0.0
1385,0x4ac5,0.0
1386,0x553c,0.0
1387,0x553d,0.0
1388,0x5dca,0.0
1389,0x5dcb,0.0
1390,0x6568,0.0
1391,0x6569,0.0
1392,0x6b1c,0.0
1393,0x6b1d,0.0
1394,0x6fde,0.0
1395,0x6fdf,0.0
1396,0x7554,0.0
1397,0x7555,0.0
1398,0x79d8,0.0
1399,0x79d9,0.0
1400,0x3288,0.0
1401,0x3289,0.0
1402,0x3f5e,0.0
1403,0x3f5f,0.0
1404,0x4ac6,0.0
1405,0x4ac7,0.0
1406,0x553e,0.0
1407,0x553f,0.0
1408,0x5dcc,0.0
1409,0x5dcd,0.0
1410,0x656a,0.0
1411,0x656b,0.0
1412,0x6b1e,0.0
1413,0x6b1f,0.0
1414,0x6fe0,0.0
1415,0x6fe1,0.0
1416,0x7556,0.0
1417,0x7557,0.0
1418,0x79da,0.0
1419,0x79db,0.0
1420,0x328a,41.64257410453092
1421,0x328b,12.434992696182235
1422,0x3f60,51.71812430575619
1423,0x3f61,24.566124918225796
1424,0x4ac8,53.14843980971136
1425,0x4ac9,19.82969435972541
1426,0x5540,48.09434154764563
1427,0x5541,14.7755960976599
1428,0x5dce,48.18027211435742
1429,0x5dcf,8.694780601916136
1430,0x656c,45.90922145637114
1431,0x656d,16.701640048022227
1432,0x6b20,43.02276814682
1433,0x6b21,10.115139100998249
1434,0x6fe2,48.299389181139304
1435,0x6fe3,21.14738979360891
1436,0x7558,52.58845158017334
1437,0x7559,23.380870171824427
1438,0x79dc,57.975316998587914
1439,0x79dd,28.767735590239
1440,0x328c,0.0
1441,0x328d,0.0
1442,0x3f62,0.0
1443,0x3f63,0.0
1444,0x4aca,0.0
1445,0x4acb,0.0
1446,0x5542,0.0
1447,0x5543,0.0
1448,0x5dd0,0.0
1449,0x5dd1,0.0
1450,0x656e,0.0
1451,0x656f,0.0
1452,0x6b22,0.0
1453,0x6b23,0.0
1454,0x6fe4,0.0
1455,0x6fe5,0.0
1456,0x755a,0.0
1457,0x755b,0.0
1458,0x79de,0.0
1459,0x79df,0.0
1460,0x328e,0.0
1461,0x328f,0.0
1462,0x3f64,0.0
1463,0x3f65,0.0
1464,0x4acc,0.0
1465,0x4acd,0.0
1466,0x5544,0.0
1467,0x5545,0.0
1468,0x5dd2,0.0
1469,0x5dd3,0.0
1470,0x6570,0.0
1471,0x6571,0.0
1472,0x6b24,0.0
1473,0x6b25,0.0
1474,0x6fe6,0.0
1475,0x6fe7,0.0
1476,0x755c,0.0
1477,0x755d,0.0
1478,0x79e0,0.0
1479,0x79e1,0.0
1480,0x3290,0.0
1481,0x3291,0.0
1482,0x3f66,0.0
1483,0x3f67,0.0
1484,0x4ace,0.0
1485,0x4acf,0.0
1486,0x5546,0.0
1487,0x5547,0.0
1488,0x5dd4,0.0
1489,0x5dd5,0.0
1490,0x6572,0.0
1491,0x6573,0.0
1492,0x6b26,0.0
1493,0x6b27,0.0
1494,0x6fe8,0.0
1495,0x6fe9,0.0
1496,0x755e,0.0
1497,0x755f,0.0
1498,0x79e2,0.0
1499,0x79e3,0.0
1500,0x3292,0.0
1501,0x3293,0.0
1502,0x3f68,0.0
1503,0x3f69,0.0
1504,0x4ad0,0.0
1505,0x4ad1,0.0
1506,0x5548,0.0
1507,0x5549,0.0
1508,0x5dd6,0.0
1509,0x5dd7,0.0
1510,0x6574,0.0
1511,0x6575,0.0
1512,0x6b28,0.0
1513,0x6b29,0.0
1514,0x6fea,0.0
1515,0x6feb,0.0
1516,0x7560,0.0
1517,0x7561,0.0
1518,0x79e4,0.0
1519,0x79e5,0.0
1520,0x3294,0.0
1521,0x3295,0.0
1522,0x3f6a,0.0
1523,0x3f6b,0.0
1524,0x4ad2,0.0
1525,0x4ad3,0.0
1526,0x554a,0.0
1527,0x554b,0.0
1528,0x5dd8,0.0
1529,0x5dd9,0.0
1530,0x6576,0.0
1531,0x6577,0.0
1532,0x6b2a,0.0
1533,0x6b2b,0.0
1534,0x6fec,0.0
1535,0x6fed,0.0
1536,0x7562,0.0
1537,0x7563,0.0
1538,0x79e6,0.0
1539,0x79e7,0.0
1540,0x3296,0.0
1541,0x3297,0.0
1542,0x3f6c,0.0
1543,0x3f6d,0.0
1544,0x4ad4,0.0
1545,0x4ad5,0.0
1546,0x554c,0.0
1547,0x554d,0.0
1548,0x5dda,0.0
1549,0x5ddb,0.0
1550,0x6578,0.0
1551,0x6579,0.0
1552,0x6b2c,0.0
1553,0x6b2d,0.0
1554,0x6fee,0.0
1555,0x6fef,0.0
1556,0x7564,0.0
1557,0x7565,0.0
1558,0x79e8,0.0
1559,0x79e9,0.0
1560,0x3298,43.59914812148736
1561,0x3299,12.33598469232038
1562,0x3f6e,51.61911630189411
1563,0x3f6f,24.46711691436417
1564,0x4ad6,50.99384978503076
1565,0x4ad7,19.73068635586378
1566,0x554e,47.995333543783545
1567,0x554f,18.787752135435085
1568,0x5ddc,46.02568208967705
1569,0x5ddd,12.706936639691776
1570,0x657a,43.754631431690996
1571,0x657b,16.602632044161055
1572,0x6b2e,40.868178122139625
1573,0x6b2f,15.771760755428204
1574,0x6ff0,46.14479915645893
1575,0x6ff1,16.93721774811047
1576,0x7566,52.48944357631126
1577,0x7567,19.170698126325988
1578,0x79ea,57.87630899472583
1579,0x79eb,26.613145565558852
1580,0x329a,0.0
1581,0x329b,0.0
1582,0x3f70,0.0
1583,0x3f71,0.0
1584,0x4ad8,0.0
1585,0x4ad9,0.0
1586,0x5550,0.0
1587,0x5551,0.0
1588,0x5dde,0.0
1589,0x5ddf,0.0
1590,0x657c,0.0
1591,0x657d,0.0
1592,0x6b30,0.0
1593,0x6b31,0.0
1594,0x6ff2,0.0
1595,0x6ff3,0.0
1596,0x7568,0.0
1597,0x7569,0.0
1598,0x79ec,0.0
1599,0x79ed,0.0
1600,0x329c,0.0
1601,0x329d,0.0
1602,0x3f72,0.0
1603,0x3f73,0.0
1604,0x4ada,0.0
1605,0x4adb,0.0
1606,0x5552,0.0
1607,0x5553,0.0
1608,0x5de0,0.0
1609,0x5de1,0.0
1610,0x657e,0.0
1611,0x657f,0.0
1612,0x6b32,0.0
1613,0x6b33,0.0
1614,0x6ff4,0.0
1615,0x6ff5,0.0
1616,0x756a,0.0
1617,0x756b,0.0
1618,0x79ee,0.0
1619,0x79ef,0.0
1620,0x329e,0.0
1621,0x329f,0.0
1622,0x3f74,0.0
1623,0x3f75,0.0
1624,0x4adc,0.0
1625,0x4add,0.0
1626,0x5554,0.0
1627,0x5555,0.0
1628,0x5de2,0.0
1629,0x5de3,0.0
1630,0x6580,0.0
1631,0x6581,0.0
1632,0x6b34,0.0
1633,0x6b35,0.0
1634,0x6ff6,0.0
1635,0x6ff7,0.0
1636,0x756c,0.0
1637,0x756d,0.0
1638,0x79f0,0.0
1639,0x79f1,0.0
1640,0x32a0,0.0
1641,0x32a1,0.0
1642,0x3f76,0.0
1643,0x3f77,0.0
1644,0x4ade,0.0
1645,0x4adf,0.0
1646,0x5556,0.0
1647,0x5557,0.0
1648,0x5de4,0.0
1649,0x5de5,0.0
1650,0x6582,0.0
1651,0x6583,0.0
1652,0x6b36,0.0
1653,0x6b37,0.0
1654,0x6ff8,0.0
1655,0x6ff9,0.0
1656,0x756e,0.0
1657,0x756f,0.0
1658,0x79f2,0.0
1659,0x79f3,0.0
1660,0x32a2,0.0
1661,0x32a3,0.0
1662,0x3f78,0.0
1663,0x3f79,0.0
1664,0x4ae0,0.0
1665,0x4ae1,0.0
1666,0x5558,0.0
1667,0x5559,0.0
1668,0x5de6,0.0
1669,0x5de7,0.0
1670,0x6584,0.0
1671,0x6585,0.0
1672,0x6b38,0.0
1673,0x6b39,0.0
1674,0x6ffa,0.0
1675,0x6ffb,0.0
1676,0x7570,0.0
1677,0x7571,0.0
1678,0x79f4,0.0
1679,0x79f5,0.0
1680,0x32a4,0.0
1681,0x32a5,0.0
1682,0x3f7a,0.0
1683,0x3f7b,0.0
1684,0x4ae2,0.0
1685,0x4ae3,0.0
1686,0x555a,0.0
1687,0x555b,0.0
1688,0x5de8,0.0
1689,0x5de9,0.0
1690,0x6586,0.0
1691,0x6587,0.0
1692,0x6b3a,0.0
1693,0x6b3b,0.0
1694,0x6ffc,0.0
1695,0x6ffd,0.0
1696,0x7572,0.0
1697,0x7573,0.0
1698,0x79f6,0.0
1699,0x79f7,0.0
1700,0x32a6,42.79934748127653
1701,0x32a7,11.53618405210932
1702,0x3f7c,50.81931566168328
1703,0x3f7d,19.556152232516297
1704,0x4ae4,52.24963116563799
1705,0x4ae5,20.986467736470786
1706,0x555c,47.195532903572484
1707,0x555d,15.932369474405277
1708,0x5dea,47.28146347028519
1709,0x5deb,18.0738820619365
1710,0x6588,45.010412812298
1711,0x6589,15.802831403949313
1712,0x6b3c,44.179541523565604
1713,0x6b3d,10.860796073579877
1714,0x6ffe,47.40058053706662
1715,0x6fff,16.13741710789941
1716,0x7574,51.68964293609997
1717,0x7575,20.426479506932992
1718,0x79f8,57.07650835451477
1719,0x79f9,27.86892694616631
1720,0x32a8,0.0
1721,0x32a9,0.0
1722,0x3f7e,0.0
1723,0x3f7f,0.0
1724,0x4ae6,0.0
1725,0x4ae7,0.0
1726,0x555e,0.0
1727,0x555f,0.0
1728,0x5dec,0.0
1729,0x5ded,0.0
1730,0x658a,0.0
1731,0x658b,0.0
1732,0x6b3e,0.0
1733,0x6b3f,0.0
1734,0x7000,0.0
1735,0x7001,0.0
1736,0x7576,0.0
1737,0x7577,0.0
1738,0x79fa,0.0
1739,0x79fb,0.0
1740,0x32aa,0.0
1741,0x32ab,0.0
1742,0x3f80,0.0
1743,0x3f81,0.0
1744,0x4ae8,0.0
1745,0x4ae9,0.0
1746,0x5560,0.0
1747,0x5561,0.0
1748,0x5dee,0.0
1749,0x5def,0.0
1750,0x658c,0.0
1751,0x658d,0.0
1752,0x6b40,0.0
1753,0x6b41,0.0
1754,0x7002,0.0
1755,0x7003,0.0
1756,0x7578,0.0
1757,0x7579,0.0
1758,0x79fc,0.0
1759,0x79fd,0.0
1760,0x32ac,0.0
1761,0x32ad,0.0
1762,0x3f82,0.0
1763,0x3f83,0.0
1764,0x4aea,0.0
1765,0x4aeb,0.0
1766,0x5562,0.0
1767,0x5563,0.0
1768,0x5df0,0.0
1769,0x5df1,0.0
1770,0x658e,0.0
1771,0x658f,0.0
1772,0x6b42,0.0
1773,0x6b43,0.0
1774,0x7004,0.0
1775,0x7005,0.0
1776,0x757a,0.0
1777,0x757b,0.0
1778,0x79fe,0.0
1779,0x79ff,0.0
1780,0x32ae,0.0
1781,0x32af,0.0
1782,0x3f84,0.0
1783,0x3f85,0.0
1784,0x4aec,0.0
1785,0x4aed,0.0
1786,0x5564,0.0
1787,0x5565,0.0
1788,0x5df2,0.0
1789,0x5df3,0.0
1790,0x6590,0.0
1791,0x6591,0.0
1792,0x6b44,0.0
1793,0x6b45,0.0
1794,0x7006,0.0
1795,0x7007,0.0
1796,0x757c,0.0
1797,0x757d,0.0
1798,0x7a00,0.0
1799,0x7a01,0.0
1800,0x32b0,0.0
1801,0x32b1,0.0
1802,0x3f86,0.0
1803,0x3f87,0.0
1804,0x4aee,0.0
1805,0x4aef,0.0
1806,0x5566,0.0
1807,0x5567,0.0
1808,0x5df4,0.0
1809,0x5df5,0.0
1810,0x6592,0.0
1811,0x6593,0.0
1812,0x6b46,0.0
1813,0x6b47,0.0
1814,0x7008,0.0
1815,0x7009,0.0
1816,0x757e,0.0
1817,0x757f,0.0
1818,0x7a02,0.0
1819,0x7a03,0.0
1820,0x32b2,0.0
1821,0x32b3,0.0
1822,0x3f88,0.0
1823,0x3f89,0.0
1824,0x4af0,0.0
1825,0x4af1,0.0
1826,0x5568,0.0
1827,0x5569,0.0
1828,0x5df6,0.0
1829,0x5df7,0.0
1830,0x6594,0.0
1831,0x6595,0.0
1832,0x6b48,0.0
1833,0x6b49,0.0
1834,0x700a,0.0
1835,0x700b,0.0
1836,0x7580,0.0
1837,0x7581,0.0
1838,0x7a04,0.0
1839,0x7a05,0.0
1840,0x32b4,40.69389173872628
1841,0x32b5,3.263982247102831
1842,0x3f8a,48.71385991913235
1843,0x3f8b,19.506278510782977
1844,0x4af2,50.144175423087745
1845,0x4af3,22.992176035556895
1846,0x556a,45.09007716102201
1847,0x556b,9.715749690217308
1848,0x5df8,43.12042570691597
1849,0x5df9,7.746098236111038
1850,0x6596,44.96053909056627
1851,0x6597,11.641793640579863
1852,0x6b4a,44.12966780183365
1853,0x6b4b,14.510969989320529
1854,0x700c,45.295124794515914
1855,0x700d,18.143125406985064
1856,0x7582,49.584187193549724
1857,0x7583,18.321023764381835
1858,0x7a06,54.97105261196407
1859,0x7a07,25.7634712036147
1860,0x32b6,0.0
1861,0x32b7,0.0
1862,0x3f8c,0.0
1863,0x3f8d,0.0
1864,0x4af4,0.0
1865,0x4af5,0.0
1866,0x556c,0.0
1867,0x556d,0.0
1868,0x5dfa,0.0
1869,0x5dfb,0.0
1870,0x6598,0.0
1871,0x6599,0.0
1872,0x6b4c,0.0
1873,0x6b4d,0.0
1874,0x700e,0.0
1875,0x700f,0.0
1876,0x7584,0.0
1877,0x7585,0.0
1878,0x7a08,0.0
1879,0x7a09,0.0
1880,0x32b8,0.0
1881,0x32b9,0.0
1882,0x3f8e,0.0
1883,0x3f8f,0.0
1884,0x4af6,0.0
1885,0x4af7,0.0
1886,0x556e,0.0
1887,0x556f,0.0
1888,0x5dfc,0.0
1889,0x5dfd,0.0
1890,0x659a,0.0
1891,0x659b,0.0
1892,0x6b4e,0.0
1893,0x6b4f,0.0
1894,0x7010,0.0
1895,0x7011,0.0
1896,0x7586,0.0
1897,0x7587,0.0
1898,0x7a0a,0.0
1899,0x7a0b,0.0
1900,0x32ba,0.0
1901,0x32bb,0.0
1902,0x3f90,0.0
1903,0x3f91,0.0
1904,0x4af8,0.0
1905,0x4af9,0.0
1906,0x5570,0.0
1907,0x5571,0.0
1908,0x5dfe,0.0
1909,0x5dff,0.0
1910,0x659c,0.0
1911,0x659d,0.0
1912,0x6b50,0.0
1913,0x6b51,0.0
1914,0x7012,0.0
1915,0x7013,0.0
1916,0x7588,0.0
1917,0x7589,0.0
1918,0x7a0c,0.0
1919,0x7a0d,0.0
1920,0x32bc,0.0
1921,0x32bd,0.0
1922,0x3f92,0.0
1923,0x3f93,0.0
1924,0x4afa,0.0
1925,0x4afb,0.0
1926,0x5572,0.0
1927,0x5573,0.0
1928,0x5e00,0.0
1929,0x5e01,0.0
1930,0x659e,0.0
1931,0x659f,0.0
1932,0x6b52,0.0
1933,0x6b53,0.0
1934,0x7014,0.0
1935,0x7015,0.0
1936,0x758a,0.0
1937,0x758b,0.0
1938,0x7a0e,0.0
1939,0x7a0f,0.0
1940,0x32be,0.0
1941,0x32bf,0.0
1942,0x3f94,0.0
1943,0x3f95,0.0
1944,0x4afc,0.0
1945,0x4afd,0.0
1946,0x5574,0.0
1947,0x5575,0.0
1948,0x5e02,0.0
1949,0x5e03,0.0
1950,0x65a0,0.0
1951,0x65a1,0.0
1952,0x6b54,0.0
1953,0x6b55,0.0
1954,0x7016,0.0
1955,0x7017,0.0
1956,0x758c,0.0
1957,0x758d,0.0
1958,0x7a10,0.0
1959,0x7a11,0.0
1960,0x32c0,0.0
1961,0x32c1,0.0
1962,0x3f96,0.0
1963,0x3f97,0.0
1964,0x4afe,0.0
1965,0x4aff,0.0
1966,0x5576,0.0
1967,0x5577,0.0
1968,0x5e04,0.0
1969,0x5e05,0.0
1970,0x65a2,0.0
1971,0x65a3,0.0
1972,0x6b56,0.0
1973,0x6b57,0.0
1974,0x7018,0.0
1975,0x7019,0.0
1976,0x758e,0.0
1977,0x758f,0.0
1978,0x7a12,0.0
1979,0x7a13,0.0
1980,0x32c2,34.54461704625851
1981,0x32c3,-2.885292445364257
1982,0x3f98,42.564585226665486
1983,0x3f99,10.068072585006803
1984,0x4b00,43.9949007306202
1985,0x4b01,14.787319322271287
1986,0x5578,38.940802468554466
1987,0x5579,7.677639039387259
1988,0x5e06,36.971151014448424
1989,0x5e07,5.707987585280989
1990,0x65a4,34.70010035646192
1991,0x65a5,9.603682989749814
1992,0x6b58,27.702483005273734
1993,0x6b59,2.6060656385618586
1994,0x701a,39.145850102048826
1995,0x701b,7.882686672881391
1996,0x7590,43.43491250108241
1997,0x7591,8.06058503027839
1998,0x7a14,48.82177791949698
1999,0x7a15,19.614196511148066
2000,0x32c4,0.0
2001,0x32c5,0.0
2002,0x3f9a,0.0
2003,0x3f9b,0.0
2004,0x4b02,0.0
2005,0x4b03,0.0
2006,0x557a,0.0
2007,0x557b,0.0
2008,0x5e08,0.0
2009,0x5e09,0.0
2010,0x65a6,0.0
2011,0x65a7,0.0
2012,0x6b5a,0.0
2013,0x6b5b,0.0
2014,0x701c,0.0
2015,0x701d,0.0
2016,0x7592,0.0
2017,0x7593,0.0
2018,0x7a16,0.0
2019,0x7a17,0.0
2020,0x32c6,0.0
2021,0x32c7,0.0
2022,0x3f9c,0.0
2023,0x3f9d,0.0
2024,0x4b04,0.0
2025,0x4b05,0.0
2026,0x557c,0.0
2027,0x557d,0.0
2028,0x5e0a,0.0
2029,0x5e0b,0.0
2030,0x65a8,0.0
2031,0x65a9,0.0
2032,0x6b5c,0.0
2033,0x6b5d,0.0
2034,0x701e,0.0
2035,0x701f,0.0
2036,0x7594,0.0
2037,0x7595,0.0
2038,0x7a18,0.0
2039,0x7a19,0.0
2040,0x32c8,0.0
2041,0x32c9,0.0
2042,0x3f9e,0.0
2043,0x3f9f,0.0
2044,0x4b06,0.0
2045,0x4b07,0.0
2046,0x557e,0.0
2047,0x557f,0.0
2048,0x5e0c,0.0
2049,0x5e0d,0.0
2050,0x65aa,0.0
2051,0x65ab,0.0
2052,0x6b5e,0.0
2053,0x6b5f,0.0
2054,0x7020,0.0
2055,0x7021,0.0
2056,0x7596,0.0
2057,0x7597,0.0
2058,0x7a1a,0.0
2059,0x7a1b,0.0
2060,0x32ca,0.0
2061,0x32cb,0.0
2062,0x3fa0,0.0
2063,0x3fa1,0.0
2064,0x4b08,0.0
2065,0x4b09,0.0
2066,0x5580,0.0
2067,0x5581,0.0
2068,0x5e0e,0.0
2069,0x5e0f,0.0
2070,0x65ac,0.0
2071,0x65ad,0.0
2072,0x6b60,0.0
2073,0x6b61,0.0
2074,0x7022,0.0
2075,0x7023,0.0
2076,0x7598,0.0
2077,0x7599,0.0
2078,0x7a1c,0.0
2079,0x7a1d,0.0
2080,0x32cc,0.0
2081,0x32cd,0.0
2082,0x3fa2,0.0
2083,0x3fa3,0.0
2084,0x4b0a,0.0
2085,0x4b0b,0.0
2086,0x5582,0.0
2087,0x5583,0.0
2088,0x5e10,0.0
2089,0x5e11,0.0
2090,0x65ae,0.0
2091,0x65af,0.0
2092,0x6b62,0.0
2093,0x6b63,0.0
2094,0x7024,0.0
2095,0x7025,0.0
2096,0x759a,0.0
2097,0x759b,0.0
2098,0x7a1e,0.0
2099,0x7a1f,0.0
2100,0x32ce,0.0
2101,0x32cf,0.0
2102,0x3fa4,0.0
2103,0x3fa5,0.0
2104,0x4b0c,0.0
2105,0x4b0d,0.0
2106,0x5584,0.0
2107,0x5585,0.0
2108,0x5e12,0.0
2109,0x5e13,0.0
2110,0x65b0,0.0
2111,0x65b1,0.0
2112,0x6b64,0.0
2113,0x6b65,0.0
2114,0x7026,0.0
2115,0x7027,0.0
2116,0x759c,0.0
2117,0x759d,0.0
2118,0x7a20,0.0
2119,0x7a21,0.0
2120,0x32d0,31.30160290544859
2121,0x32d1,2.0940214970994475
2122,0x3fa6,40.96603670250988
2123,0x3fa7,10.113989677506197
2124,0x4b0e,42.8074686106288
2125,0x4b0f,7.433141139824556
2126,0x5586,37.75337034856284
2127,0x5587,6.490206919395632
2128,0x5e14,35.783718894457024
2129,0x5e15,2.4649734444710703
2130,0x65b2,33.51266823647029
2131,0x65b3,8.416250869758187
2132,0x6b66,36.79296098937448
2133,0x6b67,-0.6369485022485151
2134,0x7028,35.90283596123845
2135,0x7029,8.750836573708057
2136,0x759e,42.24748038109078
2137,0x759f,10.984316951923574
2138,0x7a22,47.634345799505354
2139,0x7a23,12.260018328701335
2140,0x32d2,0.0
2141,0x32d3,0.0
2142,0x3fa8,0.0
2143,0x3fa9,0.0
2144,0x4b10,0.0
2145,0x4b11,0.0
2146,0x5588,0.0
2147,0x5589,0.0
2148,0x5e16,0.0
2149,0x5e17,0.0
2150,0x65b4,0.0
2151,0x65b5,0.0
2152,0x6b68,0.0
2153,0x6b69,0.0
2154,0x702a,0.0
2155,0x702b,0.0
2156,0x75a0,0.0
2157,0x75a1,0.0
2158,0x7a24,0.0
2159,0x7a25,0.0
2160,0x32d4,0.0
2161,0x32d5,0.0
2162,0x3faa,0.0
2163,0x3fab,0.0
2164,0x4b12,0.0
2165,0x4b13,0.0
2166,0x558a,0.0
2167,0x558b,0.0
2168,0x5e18,0.0
2169,0x5e19,0.0
2170,0x65b6,0.0
2171,0x65b7,0.0
2172,0x6b6a,0.0
2173,0x6b6b,0.0
2174,0x702c,0.0
2175,0x702d,0.0
2176,0x75a2,0.0
2177,0x75a3,0.0
2178,0x7a26,0.0
2179,0x7a27,0.0
2180,0x32d6,0.0
2181,0x32d7,0.0
2182,0x3fac,0.0
2183,0x3fad,0.0
2184,0x4b14,0.0
2185,0x4b15,0.0
2186,0x558c,0.0
2187,0x558d,0.0
2188,0x5e1a,0.0
2189,0x5e1b,0.0
2190,0x65b8,0.0
2191,0x65b9,0.0
2192,0x6b6c,0.0
2193,0x6b6d,0.0
2194,0x702e,0.0
2195,0x702f,0.0
2196,0x75a4,0.0
2197,0x75a5,0.0
2198,0x7a28,0.0
2199,0x7a29,0.0
2200,0x32d8,0.0
2201,0x32d9,0.0
2202,0x3fae,0.0
2203,0x3faf,0.0
2204,0x4b16,0.0
2205,0x4b17,0.0
2206,0x558e,0.0
2207,0x558f,0.0
2208,0x5e1c,0.0
2209,0x5e1d,0.0
2210,0x65ba,0.0
2211,0x65bb,0.0
2212,0x6b6e,0.0
2213,0x6b6f,0.0
2214,0x7030,0.0
2215,0x7031,0.0
2216,0x75a6,0.0
2217,0x75a7,0.0
2218,0x7a2a,0.0
2219,0x7a2b,0.0
2220,0x32da,0.0
2221,0x32db,0.0
2222,0x3fb0,0.0
2223,0x3fb1,0.0
2224,0x4b18,0.0
2225,0x4b19,0.0
2226,0x5590,0.0
2227,0x5591,0.0
2228,0x5e1e,0.0
2229,0x5e1f,0.0
2230,0x65bc,0.0
2231,0x65bd,0.0
2232,0x6b70,0.0
2233,0x6b71,0.0
2234,0x7032,0.0
2235,0x7033,0.0
2236,0x75a8,0.0
2237,0x75a9,0.0
2238,0x7a2c,0.0
2239,0x7a2d,0.0
2240,0x32dc,0.0
2241,0x32dd,0.0
2242,0x3fb2,0.0
2243,0x3fb3,0.0
2244,0x4b1a,0.0
2245,0x4b1b,0.0
2246,0x5592,0.0
2247,0x5593,0.0
2248,0x5e20,0.0
2249,0x5e21,0.0
2250,0x65be,0.0
2251,0x65bf,0.0
2252,0x6b72,0.0
2253,0x6b73,0.0
2254,0x7034,0.0
2255,0x7035,0.0
2256,0x75aa,0.0
2257,0x75ab,0.0
2258,0x7a2e,0.0
2259,0x7a2f,0.0
2260,0x32de,29.859008583142213
2261,0x32df,0.651427174793298
2262,0x3fb4,39.93455878436703
2263,0x3fb5,10.72697737601834
2264,0x4b1c,41.3648742883222
2265,0x4b1d,10.101710859154991
2266,0x5594,36.31077602625669
2267,0x5595,7.103194617908002
2268,0x5e22,32.285542551332355
2269,0x5e23,1.0223791221649208
2270,0x65c0,30.014491893345394
2271,0x65c1,-5.35983557745908
2272,0x6b74,29.18362060461277
2273,0x6b75,-0.023960803736144953
2274,0x7036,36.51582365975105
2275,0x7037,5.252660230583615
2276,0x75ac,38.749304037965885
2277,0x75ad,11.59730465043549
2278,0x7a30,46.19175147719875
2279,0x7a31,19.039752089668355
2280,0x32e0,0.0
2281,0x32e1,0.0
2282,0x3fb6,0.0
2283,0x3fb7,0.0
2284,0x4b1e,0.0
2285,0x4b1f,0.0
2286,0x5596,0.0
2287,0x5597,0.0
2288,0x5e24,0.0
2289,0x5e25,0.0
2290,0x65c2,0.0
2291,0x65c3,0.0
2292,0x6b76,0.0
2293,0x6b77,0.0
2294,0x7038,0.0
2295,0x7039,0.0
2296,0x75ae,0.0
2297,0x75af,0.0
2298,0x7a32,0.0
2299,0x7a33,0.0
2300,0x32e2,0.0
2301,0x32e3,0.0
2302,0x3fb8,0.0
2303,0x3fb9,0.0
2304,0x4b20,0.0
2305,0x4b21,0.0
2306,0x5598,0.0
2307,0x5599,0.0
2308,0x5e26,0.0
2309,0x5e27,0.0
2310,0x65c4,0.0
2311,0x65c5,0.0
2312,0x6b78,0.0
2313,0x6b79,0.0
2314,0x703a,0.0
2315,0x703b,0.0
2316,0x75b0,0.0
2317,0x75b1,0.0
2318,0x7a34,0.0
2319,0x7a35,0.0
2320,0x32e4,0.0
2321,0x32e5,0.0
2322,0x3fba,0.0
2323,0x3fbb,0.0
2324,0x4b22,0.0
2325,0x4b23,0.0
2326,0x559a,0.0
2327,0x559b,0.0
2328,0x5e28,0.0
2329,0x5e29,0.0
2330,0x65c6,0.0
2331,0x65c7,0.0
2332,0x6b7a,0.0
2333,0x6b7b,0.0
2334,0x703c,0.0
2335,0x703d,0.0
2336,0x75b2,0.0
2337,0x75b3,0.0
2338,0x7a36,0.0
2339,0x7a37,0.0
2340,0x32e6,0.0
2341,0x32e7,0.0
2342,0x3fbc,0.0
2343,0x3fbd,0.0
2344,0x4b24,0.0
2345,0x4b25,0.0
2346,0x559c,0.0
2347,0x559d,0.0
2348,0x5e2a,0.0
2349,0x5e2b,0.0
2350,0x65c8,0.0
2351,0x65c9,0.0
2352,0x6b7c,0.0
2353,0x6b7d,0.0
2354,0x703e,0.0
2355,0x703f,0.0
2356,0x75b4,0.0
2357,0x75b5,0.0
2358,0x7a38,0.0
2359,0x7a39,0.0
2360,0x32e8,0.0
2361,0x32e9,0.0
2362,0x3fbe,0.0
2363,0x3fbf,0.0
2364,0x4b26,0.0
2365,0x4b27,0.0
2366,0x559e,0.0
2367,0x559f,0.0
2368,0x5e2c,0.0
2369,0x5e2d,0.0
2370,0x65ca,0.0
2371,0x65cb,0.0
2372,0x6b7e,0.0
2373,0x6b7f,0.0
2374,0x7040,0.0
2375,0x7041,0.0
2376,0x75b6,0.0
2377,0x75b7,0.0
2378,0x7a3a,0.0
2379,0x7a3b,0.0
2380,0x32ea,0.0
2381,0x32eb,0.0
2382,0x3fc0,0.0
2383,0x3fc1,0.0
2384,0x4b28,0.0
2385,0x4b29,0.0
2386,0x55a0,0.0
2387,0x55a1,0.0
2388,0x5e2e,0.0
2389,0x5e2f,0.0
2390,0x65cc,0.0
2391,0x65cd,0.0
2392,0x6b80,0.0
2393,0x6b81,0.0
2394,0x7042,0.0
2395,0x7043,0.0
2396,0x75b8,0.0
2397,0x75b9,0.0
2398,0x7a3c,0.0
2399,0x7a3d,0.0
2400,0x32ec,30.862027468420592
2401,0x32ed,-4.512300002383199
2402,0x3fc2,38.881995648827115
2403,0x3fc3,9.674414240478427
2404,0x4b2a,40.312311152782286
2405,0x4b2b,4.937983681978267
2406,0x55a2,35.25821289071655
2407,0x55a3,6.050631482367862
2408,0x5e30,33.28856143661051
2409,0x5e31,-0.03018401337499199
2410,0x65ce,35.128674820260585
2411,0x65cf,-2.301234671361726
2412,0x6b82,30.18663948989115
2413,0x6b83,-3.1321059600945773
2414,0x7044,35.46326052421068
2415,0x7045,8.311261136680514
2416,0x75ba,37.696740902425745
2417,0x75bb,4.377995452440246
2418,0x7a3e,45.13918834165884
2419,0x7a3f,13.87602491249163
2420,0x32ee,0.0
2421,0x32ef,0.0
2422,0x3fc4,0.0
2423,0x3fc5,0.0
2424,0x4b2c,0.0
2425,0x4b2d,0.0
2426,0x55a4,0.0
2427,0x55a5,0.0
2428,0x5e32,0.0
2429,0x5e33,0.0
2430,0x65d0,0.0
2431,0x65d1,0.0
2432,0x6b84,0.0
2433,0x6b85,0.0
2434,0x7046,0.0
2435,0x7047,0.0
2436,0x75bc,0.0
2437,0x75bd,0.0
2438,0x7a40,0.0
2439,0x7a41,0.0
2440,0x32f0,0.0
2441,0x32f1,0.0
2442,0x3fc6,0.0
2443,0x3fc7,0.0
2444,0x4b2e,0.0
2445,0x4b2f,0.0
2446,0x55a6,0.0
2447,0x55a7,0.0
2448,0x5e34,0.0
2449,0x5e35,0.0
2450,0x65d2,0.0
2451,0x65d3,0.0
2452,0x6b86,0.0
2453,0x6b87,0.0
2454,0x7048,0.0
2455,0x7049,0.0
2456,0x75be,0.0
2457,0x75bf,0.0
2458,0x7a42,0.0
2459,0x7a43,0.0
2460,0x32f2,0.0
2461,0x32f3,0.0
2462,0x3fc8,0.0
2463,0x3fc9,0.0
2464,0x4b30,0.0
2465,0x4b31,0.0
2466,0x55a8,0.0
2467,0x55a9,0.0
2468,0x5e36,0.0
2469,0x5e37,0.0
2470,0x65d4,0.0
2471,0x65d5,0.0
2472,0x6b88,0.0
2473,0x6b89,0.0
2474,0x704a,0.0
2475,0x704b,0.0
2476,0x75c0,0.0
2477,0x75c1,0.0
2478,0x7a44,0.0
2479,0x7a45,0.0
2480,0x32f4,0.0
2481,0x32f5,0.0
2482,0x3fca,0.0
2483,0x3fcb,0.0
2484,0x4b32,0.0
2485,0x4b33,0.0
2486,0x55aa,0.0
2487,0x55ab,0.0
2488,0x5e38,0.0
2489,0x5e39,0.0
2490,0x65d6,0.0
2491,0x65d7,0.0
2492,0x6b8a,0.0
2493,0x6b8b,0.0
2494,0x704c,0.0
2495,0x704d,0.0
2496,0x75c2,0.0
2497,0x75c3,0.0
2498,0x7a46,0.0
2499,0x7a47,0.0
2500,0x32f6,0.0
2501,0x32f7,0.0
2502,0x3fcc,0.0
2503,0x3fcd,0.0
2504,0x4b34,0.0
2505,0x4b35,0.0
2506,0x55ac,0.0
2507,0x55ad,0.0
2508,0x5e3a,0.0
2509,0x5e3b,0.0
2510,0x65d8,0.0
2511,0x65d9,0.0
2512,0x6b8c,0.0
2513,0x6b8d,0.0
2514,0x704e,0.0
2515,0x704f,0.0
2516,0x75c4,0.0
2517,0x75c5,0.0
2518,0x7a48,0.0
2519,0x7a49,0.0
2520,0x32f8,0.0
2521,0x32f9,0.0
2522,0x3fce,0.0
2523,0x3fcf,0.0
2524,0x4b36,0.0
2525,0x4b37,0.0
2526,0x55ae,0.0
2527,0x55af,0.0
2528,0x5e3c,0.0
2529,0x5e3d,0.0
2530,0x65da,0.0
2531,0x65db,0.0
2532,0x6b8e,0.0
2533,0x6b8f,0.0
2534,0x7050,0.0
2535,0x7051,0.0
2536,0x75c6,0.0
2537,0x75c7,0.0
2538,0x7a4a,0.0
2539,0x7a4b,0.0
2540,0x32fa,25.823217929316797
2541,0x32fb,-5.439945499850637
2542,0x3fd0,35.89876813054207
2543,0x3fd1,4.635604701374632
2544,0x4b38,35.27350161367826
2545,0x4b39,4.010338184511056
2546,0x55b0,28.163821330794235
2547,0x55b1,-1.0437600775546798
2548,0x5e3e,30.305333918325005
2549,0x5e3f,-0.9578295108426573
2550,0x65dc,30.91209808948429
2551,0x65dd,-1.1732981480104172
2552,0x6b90,29.258993992424166
2553,0x6b91,-4.059751457561788
2554,0x7052,32.48003300592541
2555,0x7053,1.2168695767581994
2556,0x75c8,34.7135133841407
2557,0x75c9,5.505931975791782
2558,0x7a4c,42.15596082337356
2559,0x7a4d,15.003961435843166
2560,0x32fc,0.0
2561,0x32fd,0.0
2562,0x3fd2,0.0
2563,0x3fd3,0.0
2564,0x4b3a,0.0
2565,0x4b3b,0.0
2566,0x55b2,0.0
2567,0x55b3,0.0
2568,0x5e40,0.0
2569,0x5e41,0.0
2570,0x65de,0.0
2571,0x65df,0.0
2572,0x6b92,0.0
2573,0x6b93,0.0
2574,0x7054,0.0
2575,0x7055,0.0
2576,0x75ca,0.0
2577,0x75cb,0.0
2578,0x7a4e,0.0
2579,0x7a4f,0.0
2580,0x32fe,0.0
2581,0x32ff,0.0
2582,0x3fd4,0.0
2583,0x3fd5,0.0
2584,0x4b3c,0.0
2585,0x4b3d,0.0
2586,0x55b4,0.0
2587,0x55b5,0.0
2588,0x5e42,0.0
2589,0x5e43,0.0
2590,0x65e0,0.0
2591,0x65e1,0.0
2592,0x6b94,0.0
2593,0x6b95,0.0
2594,0x7056,0.0
2595,0x7057,0.0
2596,0x75cc,0.0
2597,0x75cd,0.0
2598,0x7a50,0.0
2599,0x7a51,0.0
2600,0x3300,0.0
2601,0x3301,0.0
2602,0x3fd6,0.0
2603,0x3fd7,0.0
2604,0x4b3e,0.0
2605,0x4b3f,0.0
2606,0x55b6,0.0
2607,0x55b7,0.0
2608,0x5e44,0.0
2609,0x5e45,0.0
2610,0x65e2,0.0
2611,0x65e3,0.0
2612,0x6b96,0.0
2613,0x6b97,0.0
2614,0x7058,0.0
2615,0x7059,0.0
2616,0x75ce,0.0
2617,0x75cf,0.0
2618,0x7a52,0.0
2619,0x7a53,0.0
2620,0x3302,0.0
2621,0x3303,0.0
2622,0x3fd8,0.0
2623,0x3fd9,0.0
2624,0x4b40,0.0
2625,0x4b41,0.0
2626,0x55b8,0.0
2627,0x55b9,0.0
2628,0x5e46,0.0
2629,0x5e47,0.0
2630,0x65e4,0.0
2631,0x65e5,0.0
2632,0x6b98,0.0
2633,0x6b99,0.0
2634,0x705a,0.0
2635,0x705b,0.0
2636,0x75d0,0.0
2637,0x75d1,0.0
2638,0x7a54,0.0
2639,0x7a55,0.0
2640,0x3304,0.0
2641,0x3305,0.0
2642,0x3fda,0.0
2643,0x3fdb,0.0
2644,0x4b42,0.0
2645,0x4b43,0.0
2646,0x55ba,0.0
2647,0x55bb,0.0
2648,0x5e48,0.0
2649,0x5e49,0.0
2650,0x65e6,0.0
2651,0x65e7,0.0
2652,0x6b9a,0.0
2653,0x6b9b,0.0
2654,0x705c,0.0
2655,0x705d,0.0
2656,0x75d2,0.0
2657,0x75d3,0.0
2658,0x7a56,0.0
2659,0x7a57,0.0
2660,0x3306,0.0
2661,0x3307,0.0
2662,0x3fdc,0.0
2663,0x3fdd,0.0
2664,0x4b44,0.0
2665,0x4b45,0.0
2666,0x55bc,0.0
2667,0x55bd,0.0
2668,0x5e4a,0.0
2669,0x5e4b,0.0
2670,0x65e8,0.0
2671,0x65e9,0.0
2672,0x6b9c,0.0
2673,0x6b9d,0.0
2674,0x705e,0.0
2675,0x705f,0.0
2676,0x75d4,0.0
2677,0x75d5,0.0
2678,0x7a58,0.0
2679,0x7a59,0.0
2680,0x3308,23.76963013186014
2681,0x3309,-3.38236925567071
2682,0x3fde,35.900762353903474
2683,0x3fdf,6.693180945554104
2684,0x4b46,37.33107785785887
2685,0x4b47,10.179078470328022
2686,0x55be,32.27697959579314
2687,0x55bf,-1.041765854193045
2688,0x5e4c,26.1961641000496
2689,0x5e4d,5.210910774974309
2690,0x65ea,30.091859504518652
2691,0x65eb,-5.282467966286049
2692,0x6b9e,29.26098821578603
2693,0x6b9f,-2.002175213381861
2694,0x7060,30.426445208468294
2695,0x7061,1.2188638001189247
2696,0x75d6,36.77108962832085
2697,0x75d7,7.563508219971482
2698,0x7a5a,42.157955046735196
2699,0x7a5b,15.005955659204346
2700,0x330a,0.0
2701,0x330b,0.0
2702,0x3fe0,0.0
2703,0x3fe1,0.0
2704,0x4b48,0.0
2705,0x4b49,0.0
2706,0x55c0,0.0
2707,0x55c1,0.0
2708,0x5e4e,0.0
2709,0x5e4f,0.0
2710,0x65ec,0.0
2711,0x65ed,0.0
2712,0x6ba0,0.0
2713,0x6ba1,0.0
2714,0x7062,0.0
2715,0x7063,0.0
2716,0x75d8,0.0
2717,0x75d9,0.0
2718,0x7a5c,0.0
2719,0x7a5d,0.0
2720,0x330c,0.0
2721,0x330d,0.0
2722,0x3fe2,0.0
2723,0x3fe3,0.0
2724,0x4b4a,0.0
2725,0x4b4b,0.0
2726,0x55c2,0.0
2727,0x55c3,0.0
2728,0x5e50,0.0
2729,0x5e51,0.0
2730,0x65ee,0.0
2731,0x65ef,0.0
2732,0x6ba2,0.0
2733,0x6ba3,0.0
2734,0x7064,0.0
2735,0x7065,0.0
2736,0x75da,0.0
2737,0x75db,0.0
2738,0x7a5e,0.0
2739,0x7a5f,0.0
2740,0x330e,0.0
2741,0x330f,0.0
2742,0x3fe4,0.0
2743,0x3fe5,0.0
2744,0x4b4c,0.0
2745,0x4b4d,0.0
2746,0x55c4,0.0
2747,0x55c5,0.0
2748,0x5e52,0.0
2749,0x5e53,0.0
2750,0x65f0,0.0
2751,0x65f1,0.0
2752,0x6ba4,0.0
2753,0x6ba5,0.0
2754,0x7066,0.0
2755,0x7067,0.0
2756,0x75dc,0.0
2757,0x75dd,0.0
2758,0x7a60,0.0
2759,0x7a61,0.0
2760,0x3310,0.0
2761,0x3311,0.0
2762,0x3fe6,0.0
2763,0x3fe7,0.0
2764,0x4b4e,0.0
2765,0x4b4f,0.0
2766,0x55c6,0.0
2767,0x55c7,0.0
2768,0x5e54,0.0
2769,0x5e55,0.0
2770,0x65f2,0.0
2771,0x65f3,0.0
2772,0x6ba6,0.0
2773,0x6ba7,0.0
2774,0x7068,0.0
2775,0x7069,0.0
2776,0x75de,0.0
2777,0x75df,0.0
2778,0x7a62,0.0
2779,0x7a63,0.0
2780,0x3312,0.0
2781,0x3313,0.0
2782,0x3fe8,0.0
2783,0x3fe9,0.0
2784,0x4b50,0.0
2785,0x4b51,0.0
2786,0x55c8,0.0
2787,0x55c9,0.0
2788,0x5e56,0.0
2789,0x5e57,0.0
2790,0x65f4,0.0
2791,0x65f5,0.0
2792,0x6ba8,0.0
2793,0x6ba9,0.0
2794,0x706a,0.0
2795,0x706b,0.0
2796,0x75e0,0.0
2797,0x75e1,0.0
2798,0x7a64,0.0
2799,0x7a65,0.0
2800,0x3314,0.0
2801,0x3315,0.0
2802,0x3fea,0.0
2803,0x3feb,0.0
2804,0x4b52,0.0
2805,0x4b53,0.0
2806,0x55ca,0.0
2807,0x55cb,0.0
2808,0x5e58,0.0
2809,0x5e59,0.0
2810,0x65f6,0.0
2811,0x65f7,0.0
2812,0x6baa,0.0
2813,0x6bab,0.0
2814,0x706c,0.0
2815,0x706d,0.0
2816,0x75e2,0.0
2817,0x75e3,0.0
2818,0x7a66,0.0
2819,0x7a67,0.0
2820,0x3316,24.97537966920322
2821,0x3317,-6.287783759963759
2822,0x3fec,35.05092987042849
2823,0x3fed,3.787766441261283
2824,0x4b54,34.42566335356514
2825,0x4b55,3.1624999243979346
2826,0x55cc,31.427147112317698
2827,0x55cd,2.2195657039690104
2828,0x5e5a,31.513077679030175
2829,0x5e5b,-1.8056677709555515
2830,0x65f8,27.186445000224694
2831,0x65f9,-2.021136408123766
2832,0x6bac,22.24440966985526
2833,0x6bad,-0.7964256760376429
2834,0x706e,31.632194745811603
2835,0x706f,4.480195358281435
2836,0x75e4,31.81009310320883
2837,0x75e5,4.658093715678433
2838,0x7a68,39.252540542441466
2839,0x7a69,10.044959134093006
2840,0x3318,0.0
2841,0x3319,0.0
2842,0x3fee,0.0
2843,0x3fef,0.0
2844,0x4b56,0.0
2845,0x4b57,0.0
2846,0x55ce,0.0
2847,0x55cf,0.0
2848,0x5e5c,0.0
2849,0x5e5d,0.0
2850,0x65fa,0.0
2851,0x65fb,0.0
2852,0x6bae,0.0
2853,0x6baf,0.0
2854,0x7070,0.0
2855,0x7071,0.0
2856,0x75e6,0.0
2857,0x75e7,0.0
2858,0x7a6a,0.0
2859,0x7a6b,0.0
2860,0x331a,0.0
2861,0x331b,0.0
2862,0x3ff0,0.0
2863,0x3ff1,0.0
2864,0x4b58,0.0
2865,0x4b59,0.0
2866,0x55d0,0.0
2867,0x55d1,0.0
2868,0x5e5e,0.0
2869,0x5e5f,0.0
2870,0x65fc,0.0
2871,0x65fd,0.0
2872,0x6bb0,0.0
2873,0x6bb1,0.0
2874,0x7072,0.0
2875,0x7073,0.0
2876,0x75e8,0.0
2877,0x75e9,0.0
2878,0x7a6c,0.0
2879,0x7a6d,0.0
2880,0x331c,0.0
2881,0x331d,0.0
2882,0x3ff2,0.0
2883,0x3ff3,0.0
2884,0x4b5a,0.0
2885,0x4b5b,0.0
2886,0x55d2,0.0
2887,0x55d3,0.0
2888,0x5e60,0.0
2889,0x5e61,0.0
2890,0x65fe,0.0
2891,0x65ff,0.0
2892,0x6bb2,0.0
2893,0x6bb3,0.0
2894,0x7074,0.0
2895,0x7075,0.0
2896,0x75ea,0.0
2897,0x75eb,0.0
2898,0x7a6e,0.0
2899,0x7a6f,0.0
2900,0x331e,0.0
2901,0x331f,0.0
2902,0x3ff4,0.0
2903,0x3ff5,0.0
2904,0x4b5c,0.0
2905,0x4b5d,0.0
2906,0x55d4,0.0
2907,0x55d5,0.0
2908,0x5e62,0.0
2909,0x5e63,0.0
2910,0x6600,0.0
2911,0x6601,0.0
2912,0x6bb4,0.0
2913,0x6bb5,0.0
2914,0x7076,0.0
2915,0x7077,0.0
2916,0x75ec,0.0
2917,0x75ed,0.0
2918,0x7a70,0.0
2919,0x7a71,0.0
2920,0x3320,0.0
2921,0x3321,0.0
2922,0x3ff6,0.0
2923,0x3ff7,0.0
2924,0x4b5e,0.0
2925,0x4b5f,0.0
2926,0x55d6,0.0
2927,0x55d7,0.0
2928,0x5e64,0.0
2929,0x5e65,0.0
2930,0x6602,0.0
2931,0x6603,0.0
2932,0x6bb6,0.0
2933,0x6bb7,0.0
2934,0x7078,0.0
2935,0x7079,0.0
2936,0x75ee,0.0
2937,0x75ef,0.0
2938,0x7a72,0.0
2939,0x7a73,0.0
2940,0x3322,0.0
2941,0x3323,0.0
2942,0x3ff8,0.0
2943,0x3ff9,0.0
2944,0x4b60,0.0
2945,0x4b61,0.0
2946,0x55d8,0.0
2947,0x55d9,0.0
2948,0x5e66,0.0
2949,0x5e67,0.0
2950,0x6604,0.0
2951,0x6605,0.0
2952,0x6bb8,0.0
2953,0x6bb9,0.0
2954,0x707a,0.0
2955,0x707b,0.0
2956,0x75f0,0.0
2957,0x75f1,0.0
2958,0x7a74,0.0
2959,0x7a75,0.0
2960,0x3324,28.09349625783284
2961,0x3325,-5.225249192153115
2962,0x3ffa,36.11346443823936
2963,0x3ffb,8.961465050708739
2964,0x4b62,37.54377994219453
2965,0x4b63,8.33619853384539
2966,0x55da,32.4896816801288
2967,0x55db,-2.884645790675677
2968,0x5e68,32.57561224684059
2969,0x5e69,1.31244881767293
2970,0x6606,26.1933975472175
2971,0x6607,-3.0141838611316416
2972,0x6bba,23.306944237666357
2973,0x6bbb,-1.7894731290455184
2974,0x707c,32.6947293136227
2975,0x707d,1.4315658844552672
2976,0x75f2,36.98379171265651
2977,0x75f3,3.6650462626705576
2978,0x7a76,42.370657131071084
2979,0x7a77,6.996329660266383
2980,0x3326,0.0
2981,0x3327,0.0
2982,0x3ffc,0.0
2983,0x3ffd,0.0
2984,0x4b64,0.0
2985,0x4b65,0.0
2986,0x55dc,0.0
2987,0x55dd,0.0
2988,0x5e6a,0.0
2989,0x5e6b,0.0
2990,0x6608,0.0
2991,0x6609,0.0
2992,0x6bbc,0.0
2993,0x6bbd,0.0
2994,0x707e,0.0
2995,0x707f,0.0
2996,0x75f4,0.0
2997,0x75f5,0.0
2998,0x7a78,0.0
2999,0x7a79,0.0
3000,0x3328,0.0
3001,0x3329,0.0
3002,0x3ffe,0.0
3003,0x3fff,0.0
3004,0x4b66,0.0
3005,0x4b67,0.0
3006,0x55de,0.0
3007,0x55df,0.0
3008,0x5e6c,0.0
3009,0x5e6d,0.0
3010,0x660a,0.0
3011,0x660b,0.0
3012,0x6bbe,0.0
3013,0x6bbf,0.0
3014,0x7080,0.0
3015,0x7081,0.0
3016,0x75f6,0.0
3017,0x75f7,0.0
3018,0x7a7a,0.0
3019,0x7a7b,0.0
3020,0x332a,0.0
3021,0x332b,0.0
3022,0x4000,0.0
3023,0x4001,0.0
3024,0x4b68,0.0
3025,0x4b69,0.0
3026,0x55e0,0.0
3027,0x55e1,0.0
3028,0x5e6e,0.0
3029,0x5e6f,0.0
3030,0x660c,0.0
3031,0x660d,0.0
3032,0x6bc0,0.0
3033,0x6bc1,0.0
3034,0x7082,0.0
3035,0x7083,0.0
3036,0x75f8,0.0
3037,0x75f9,0.0
3038,0x7a7c,0.0
3039,0x7a7d,0.0
3040,0x332c,0.0
3041,0x332d,0.0
3042,0x4002,0.0
3043,0x4003,0.0
3044,0x4b6a,0.0
3045,0x4b6b,0.0
3046,0x55e2,0.0
3047,0x55e3,0.0
3048,0x5e70,0.0
3049,0x5e71,0.0
3050,0x660e,0.0
3051,0x660f,0.0
3052,0x6bc2,0.0
3053,0x6bc3,0.0
3054,0x7084,0.0
3055,0x7085,0.0
3056,0x75fa,0.0
3057,0x75fb,0.0
3058,0x7a7e,0.0
3059,0x7a7f,0.0
3060,0x332e,0.0
3061,0x332f,0.0
3062,0x4004,0.0
3063,0x4005,0.0
3064,0x4b6c,0.0
3065,0x4b6d,0.0
3066,0x55e4,0.0
3067,0x55e5,0.0
3068,0x5e72,0.0
3069,0x5e73,0.0
3070,0x6610,0.0
3071,0x6611,0.0
3072,0x6bc4,0.0
3073,0x6bc5,0.0
3074,0x7086,0.0
3075,0x7087,0.0
3076,0x75fc,0.0
3077,0x75fd,0.0
3078,0x7a80,0.0
3079,0x7a81,0.0
3080,0x3330,0.0
3081,0x3331,0.0
3082,0x4006,0.0
3083,0x4007,0.0
3084,0x4b6e,0.0
3085,0x4b6f,0.0
3086,0x55e6,0.0
3087,0x55e7,0.0
3088,0x5e74,0.0
3089,0x5e75,0.0
3090,0x6612,0.0
3091,0x6613,0.0
3092,0x6bc6,0.0
3093,0x6bc7,0.0
3094,0x7088,0.0
3095,0x7089,0.0
3096,0x75fe,0.0
3097,0x75ff,0.0
3098,0x7a82,0.0
3099,0x7a83,0.0
3100,0x3332,26.03838283464529
3101,0x3333,-1.11361655288556
3102,0x4008,36.11393303587056
3103,0x4009,4.850769606703125
3104,0x4b70,35.077550114843234
3105,0x4b71,8.336667131476133
3106,0x55e8,32.49015027775954
3107,0x55e9,-0.8285951722266418
3108,0x5e76,30.520498823653725
3109,0x5e77,1.3129174153045824
3110,0x6614,28.249448165666536
3111,0x6615,-0.9581332426826066
3112,0x6bc8,27.41857687693414
3113,0x6bc9,-7.955750593870562
3114,0x708a,32.69519791125367
3115,0x708b,5.543198523723049
3116,0x7600,34.92867828946896
3117,0x7601,1.6099328394830081
3118,0x7a84,42.37112572870183
3119,0x7a85,11.107962299534393
3120,0x3334,0.0
3121,0x3335,0.0
3122,0x400a,0.0
3123,0x400b,0.0
3124,0x4b72,0.0
3125,0x4b73,0.0
3126,0x55ea,0.0
3127,0x55eb,0.0
3128,0x5e78,0.0
3129,0x5e79,0.0
3130,0x6616,0.0
3131,0x6617,0.0
3132,0x6bca,0.0
3133,0x6bcb,0.0
3134,0x708c,0.0
3135,0x708d,0.0
3136,0x7602,0.0
3137,0x7603,0.0
3138,0x7a86,0.0
3139,0x7a87,0.0
3140,0x3336,0.0
3141,0x3337,0.0
3142,0x400c,0.0
3143,0x400d,0.0
3144,0x4b74,0.0
3145,0x4b75,0.0
3146,0x55ec,0.0
3147,0x55ed,0.0
3148,0x5e7a,0.0
3149,0x5e7b,0.0
3150,0x6618,0.0
3151,0x6619,0.0
3152,0x6bcc,0.0
3153,0x6bcd,0.0
3154,0x708e,0.0
3155,0x708f,0.0
3156,0x7604,0.0
3157,0x7605,0.0
3158,0x7a88,0.0
3159,0x7a89,0.0
3160,0x3338,0.0
3161,0x3339,0.0
3162,0x400e,0.0
3163,0x400f,0.0
3164,0x4b76,0.0
3165,0x4b77,0.0
3166,0x55ee,0.0
3167,0x55ef,0.0
3168,0x5e7c,0.0
3169,0x5e7d,0.0
3170,0x661a,0.0
3171,0x661b,0.0
3172,0x6bce,0.0
3173,0x6bcf,0.0
3174,0x7090,0.0
3175,0x7091,0.0
3176,0x7606,0.0
3177,0x7607,0.0
3178,0x7a8a,0.0
3179,0x7a8b,0.0
3180,0x333a,0.0
3181,0x333b,0.0
3182,0x4010,0.0
3183,0x4011,0.0
3184,0x4b78,0.0
3185,0x4b79,0.0
3186,0x55f0,0.0
3187,0x55f1,0.0
3188,0x5e7e,0.0
3189,0x5e7f,0.0
3190,0x661c,0.0
3191,0x661d,0.0
3192,0x6bd0,0.0
3193,0x6bd1,0.0
3194,0x7092,0.0
3195,0x7093,0.0
3196,0x7608,0.0
3197,0x7609,0.0
3198,0x7a8c,0.0
3199,0x7a8d,0.0
3200,0x333c,0.0
3201,0x333d,0.0
3202,0x4012,0.0
3203,0x4013,0.0
3204,0x4b7a,0.0
3205,0x4b7b,0.0
3206,0x55f2,0.0
3207,0x55f3,0.0
3208,0x5e80,0.0
3209,0x5e81,0.0
3210,0x661e,0.0
3211,0x661f,0.0
3212,0x6bd2,0.0
3213,0x6bd3,0.0
3214,0x7094,0.0
3215,0x7095,0.0
3216,0x760a,0.0
3217,0x760b,0.0
3218,0x7a8e,0.0
3219,0x7a8f,0.0
3220,0x333e,0.0
3221,0x333f,0.0
3222,0x4014,0.0
3223,0x4015,0.0
3224,0x4b7c,0.0
3225,0x4b7d,0.0
3226,0x55f4,0.0
3227,0x55f5,0.0
3228,0x5e82,0.0
3229,0x5e83,0.0
3230,0x6620,0.0
3231,0x6621,0.0
3232,0x6bd4,0.0
3233,0x6bd5,0.0
3234,0x7096,0.0
3235,0x7097,0.0
3236,0x760c,0.0
3237,0x760d,0.0
3238,0x7a90,0.0
3239,0x7a91,0.0
3240,0x3340,23.83804848658974
3241,0x3341,-7.42511494257792
3242,0x4016,35.9691807086333
3243,0x4017,8.81718132110268
3244,0x4b7e,37.39949621258825
3245,0x4b7f,2.025168741783773
3246,0x55f6,32.34539795052274
3247,0x55f7,1.0822345213550761
3248,0x5e84,32.431328517235215
3249,0x5e85,-2.942998953569486
3250,0x6622,28.104695838429734
3251,0x6623,-3.1584675907377004
3252,0x6bd6,23.1626605080603
3253,0x6bd7,-6.044920900288844
3254,0x7098,30.49486356319835
3255,0x7099,1.2872821548492084
3256,0x760e,32.72834394141364
3257,0x760f,3.5207625330644987
3258,0x7a92,40.17079138064673
3259,0x7a93,8.907627951478844
3260,0x3342,0.0
3261,0x3343,0.0
3262,0x4018,0.0
3263,0x4019,0.0
3264,0x4b80,0.0
3265,0x4b81,0.0
3266,0x55f8,0.0
3267,0x55f9,0.0
3268,0x5e86,0.0
3269,0x5e87,0.0
3270,0x6624,0.0
3271,0x6625,0.0
3272,0x6bd8,0.0
3273,0x6bd9,0.0
3274,0x709a,0.0
3275,0x709b,0.0
3276,0x7610,0.0
3277,0x7611,0.0
3278,0x7a94,0.0
3279,0x7a95,0.0
3280,0x3344,0.0
3281,0x3345,0.0
3282,0x401a,0.0
3283,0x401b,0.0
3284,0x4b82,0.0
3285,0x4b83,0.0
3286,0x55fa,0.0
3287,0x55fb,0.0
3288,0x5e88,0.0
3289,0x5e89,0.0
3290,0x6626,0.0
3291,0x6627,0.0
3292,0x6bda,0.0
3293,0x6bdb,0.0
3294,0x709c,0.0
3295,0x709d,0.0
3296,0x7612,0.0
3297,0x7613,0.0
3298,0x7a96,0.0
3299,0x7a97,0.0
3300,0x3346,0.0
3301,0x3347,0.0
3302,0x401c,0.0
3303,0x401d,0.0
3304,0x4b84,0.0
3305,0x4b85,0.0
3306,0x55fc,0.0
3307,0x55fd,0.0
3308,0x5e8a,0.0
3309,0x5e8b,0.0
3310,0x6628,0.0
3311,0x6629,0.0
3312,0x6bdc,0.0
3313,0x6bdd,0.0
3314,0x709e,0.0
3315,0x709f,0.0
3316,0x7614,0.0
3317,0x7615,0.0
3318,0x7a98,0.0
3319,0x7a99,0.0
3320,0x3348,0.0
3321,0x3349,0.0
3322,0x401e,0.0
3323,0x401f,0.0
3324,0x4b86,0.0
3325,0x4b87,0.0
3326,0x55fe,0.0
3327,0x55ff,0.0
3328,0x5e8c,0.0
3329,0x5e8d,0.0
3330,0x662a,0.0
3331,0x662b,0.0
3332,0x6bde,0.0
3333,0x6bdf,0.0
3334,0x70a0,0.0
3335,0x70a1,0.0
3336,0x7616,0.0
3337,0x7617,0.0
3338,0x7a9a,0.0
3339,0x7a9b,0.0
3340,0x334a,0.0
3341,0x334b,0.0
3342,0x4020,0.0
3343,0x4021,0.0
3344,0x4b88,0.0
3345,0x4b89,0.0
3346,0x5600,0.0
3347,0x5601,0.0
3348,0x5e8e,0.0
3349,0x5e8f,0.0
3350,0x662c,0.0
3351,0x662d,0.0
3352,0x6be0,0.0
3353,0x6be1,0.0
3354,0x70a2,0.0
3355,0x70a3,0.0
3356,0x7618,0.0
3357,0x7619,0.0
3358,0x7a9c,0.0
3359,0x7a9d,0.0
3360,0x334c,0.0
3361,0x334d,0.0
3362,0x4022,0.0
3363,0x4023,0.0
3364,0x4b8a,0.0
3365,0x4b8b,0.0
3366,0x5602,0.0
3367,0x5603,0.0
3368,0x5e90,0.0
3369,0x5e91,0.0
3370,0x662e,0.0
3371,0x662f,0.0
3372,0x6be2,0.0
3373,0x6be3,0.0
3374,0x70a4,0.0
3375,0x70a5,0.0
3376,0x761a,0.0
3377,0x761b,0.0
3378,0x7a9e,0.0
3379,0x7a9f,0.0
3380,0x334e,27.16590766699619
3381,0x334f,-2.041673741352497
3382,0x4024,35.18587584740317
3383,0x4025,3.9227124182359603
3384,0x4b8c,38.671773372176176
3385,0x4b8d,5.353027922190904
3386,0x5604,31.562093089292148
3387,0x5605,6.4656757225804995
3388,0x5e92,29.592441635186105
3389,0x5e93,-3.726303814799394
3390,0x6630,27.32139097719937
3391,0x6631,-1.8861904311493163
3392,0x6be4,28.134985305121518
3393,0x6be5,-4.77264374070046
3394,0x70a6,33.8227227436048
3395,0x70a7,4.615141335256112
3396,0x761c,36.05620312181986
3397,0x761d,8.904203734289922
3398,0x7aa0,43.498650561052955
3399,0x7aa1,14.291069152704267
3400,0x3350,0.0
3401,0x3351,0.0
3402,0x4026,0.0
3403,0x4027,0.0
3404,0x4b8e,0.0
3405,0x4b8f,0.0
3406,0x5606,0.0
3407,0x5607,0.0
3408,0x5e94,0.0
3409,0x5e95,0.0
3410,0x6632,0.0
3411,0x6633,0.0
3412,0x6be6,0.0
3413,0x6be7,0.0
3414,0x70a8,0.0
3415,0x70a9,0.0
3416,0x761e,0.0
3417,0x761f,0.0
3418,0x7aa2,0.0
3419,0x7aa3,0.0
3420,0x3352,0.0
3421,0x3353,0.0
3422,0x4028,0.0
3423,0x4029,0.0
3424,0x4b90,0.0
3425,0x4b91,0.0
3426,0x5608,0.0
3427,0x5609,0.0
3428,0x5e96,0.0
3429,0x5e97,0.0
3430,0x6634,0.0
3431,0x6635,0.0
3432,0x6be8,0.0
3433,0x6be9,0.0
3434,0x70aa,0.0
3435,0x70ab,0.0
3436,0x7620,0.0
3437,0x7621,0.0
3438,0x7aa4,0.0
3439,0x7aa5,0.0
3440,0x3354,0.0
3441,0x3355,0.0
3442,0x402a,0.0
3443,0x402b,0.0
3444,0x4b92,0.0
3445,0x4b93,0.0
3446,0x560a,0.0
3447,0x560b,0.0
3448,0x5e98,0.0
3449,0x5e99,0.0
3450,0x6636,0.0
3451,0x6637,0.0
3452,0x6bea,0.0
3453,0x6beb,0.0
3454,0x70ac,0.0
3455,0x70ad,0.0
3456,0x7622,0.0
3457,0x7623,0.0
3458,0x7aa6,0.0
3459,0x7aa7,0.0
3460,0x3356,0.0
3461,0x3357,0.0
3462,0x402c,0.0
3463,0x402d,0.0
3464,0x4b94,0.0
3465,0x4b95,0.0
3466,0x560c,0.0
3467,0x560d,0.0
3468,0x5e9a,0.0
3469,0x5e9b,0.0
3470,0x6638,0.0
3471,0x6639,0.0
3472,0x6bec,0.0
3473,0x6bed,0.0
3474,0x70ae,0.0
3475,0x70af,0.0
3476,0x7624,0.0
3477,0x7625,0.0
3478,0x7aa8,0.0
3479,0x7aa9,0.0
3480,0x3358,0.0
3481,0x3359,0.0
3482,0x402e,0.0
3483,0x402f,0.0
3484,0x4b96,0.0
3485,0x4b97,0.0
3486,0x560e,0.0
3487,0x560f,0.0
3488,0x5e9c,0.0
3489,0x5e9d,0.0
3490,0x663a,0.0
3491,0x663b,0.0
3492,0x6bee,0.0
3493,0x6bef,0.0
3494,0x70b0,0.0
3495,0x70b1,0.0
3496,0x7626,0.0
3497,0x7627,0.0
3498,0x7aaa,0.0
3499,0x7aab,0.0
3500,0x335a,0.0
3501,0x335b,0.0
3502,0x4030,0.0
3503,0x4031,0.0
3504,0x4b98,0.0
3505,0x4b99,0.0
3506,0x5610,0.0
3507,0x5611,0.0
3508,0x5e9e,0.0
3509,0x5e9f,0.0
3510,0x663c,0.0
3511,0x663d,0.0
3512,0x6bf0,0.0
3513,0x6bf1,0.0
3514,0x70b2,0.0
3515,0x70b3,0.0
3516,0x7628,0.0
3517,0x7629,0.0
3518,0x7aac,0.0
3519,0x7aad,0.0
3520,0x335c,27.0557145638586
3521,0x335d,-8.318612906945873
3522,0x4032,37.13126476508364
3523,0x4033,5.868101335915981
3524,0x4b9a,34.450416227402
3525,0x4b9b,5.242834819052632
3526,0x5612,31.45189998615433
3527,0x5613,2.2443185778054158
3528,0x5ea0,27.426666511229996
3529,0x5ea1,-3.836496917937666
3530,0x663e,27.211197874061554
3531,0x663f,0.05919848653070403
3532,0x6bf2,26.380326585328703
3533,0x6bf3,-0.7716728022016923
3534,0x70b4,33.71252964046698
3535,0x70b5,-3.717379851156238
3536,0x762a,35.94601001868227
3537,0x762b,4.682846589514611
3538,0x7aae,43.388457457915365
3539,0x7aaf,14.180876049566223
3540,0x335e,0.0
3541,0x335f,0.0
3542,0x4034,0.0
3543,0x4035,0.0
3544,0x4b9c,0.0
3545,0x4b9d,0.0
3546,0x5614,0.0
3547,0x5615,0.0
3548,0x5ea2,0.0
3549,0x5ea3,0.0
3550,0x6640,0.0
3551,0x6641,0.0
3552,0x6bf4,0.0
3553,0x6bf5,0.0
3554,0x70b6,0.0
3555,0x70b7,0.0
3556,0x762c,0.0
3557,0x762d,0.0
3558,0x7ab0,0.0
3559,0x7ab1,0.0
3560,0x3360,0.0
3561,0x3361,0.0
3562,0x4036,0.0
3563,0x4037,0.0
3564,0x4b9e,0.0
3565,0x4b9f,0.0
3566,0x5616,0.0
3567,0x5617,0.0
3568,0x5ea4,0.0
3569,0x5ea5,0.0
3570,0x6642,0.0
3571,0x6643,0.0
3572,0x6bf6,0.0
3573,0x6bf7,0.0
3574,0x70b8,0.0
3575,0x70b9,0.0
3576,0x762e,0.0
3577,0x762f,0.0
3578,0x7ab2,0.0
3579,0x7ab3,0.0
3580,0x3362,0.0
3581,0x3363,0.0
3582,0x4038,0.0
3583,0x4039,0.0
3584,0x4ba0,0.0
3585,0x4ba1,0.0
3586,0x5618,0.0
3587,0x5619,0.0
3588,0x5ea6,0.0
3589,0x5ea7,0.0
3590,0x6644,0.0
3591,0x6645,0.0
3592,0x6bf8,0.0
3593,0x6bf9,0.0
3594,0x70ba,0.0
3595,0x70bb,0.0
3596,0x7630,0.0
3597,0x7631,0.0
3598,0x7ab4,0.0
3599,0x7ab5,0.0
3600,0x3364,0.0
3601,0x3365,0.0
3602,0x403a,0.0
3603,0x403b,0.0
3604,0x4ba2,0.0
3605,0x4ba3,0.0
3606,0x561a,0.0
3607,0x561b,0.0
3608,0x5ea8,0.0
3609,0x5ea9,0.0
3610,0x6646,0.0
3611,0x6647,0.0
3612,0x6bfa,0.0
3613,0x6bfb,0.0
3614,0x70bc,0.0
3615,0x70bd,0.0
3616,0x7632,0.0
3617,0x7633,0.0
3618,0x7ab6,0.0
3619,0x7ab7,0.0
3620,0x3366,0.0
3621,0x3367,0.0
3622,0x403c,0.0
3623,0x403d,0.0
3624,0x4ba4,0.0
3625,0x4ba5,0.0
3626,0x561c,0.0
3627,0x561d,0.0
3628,0x5eaa,0.0
3629,0x5eab,0.0
3630,0x6648,0.0
3631,0x6649,0.0
3632,0x6bfc,0.0
3633,0x6bfd,0.0
3634,0x70be,0.0
3635,0x70bf,0.0
3636,0x7634,0.0
3637,0x7635,0.0
3638,0x7ab8,0.0
3639,0x7ab9,0.0
3640,0x3368,0.0
3641,0x3369,0.0
3642,0x403e,0.0
3643,0x403f,0.0
3644,0x4ba6,0.0
3645,0x4ba7,0.0
3646,0x561e,0.0
3647,0x561f,0.0
3648,0x5eac,0.0
3649,0x5ead,0.0
3650,0x664a,0.0
3651,0x664b,0.0
3652,0x6bfe,0.0
3653,0x6bff,0.0
3654,0x70c0,0.0
3655,0x70c1,0.0
3656,0x7636,0.0
3657,0x7637,0.0
3658,0x7aba,0.0
3659,0x7abb,0.0
3660,0x336a,27.60187487917824
3661,0x336b,0.4498754916478447
3662,0x4040,37.67742508040351
3663,0x4041,8.469843672054594
3664,0x4ba8,39.107740584358226
3665,0x4ba9,11.95574119682783
3666,0x5620,29.942478280655678
3667,0x5621,-1.3206851485117568
3668,0x5eae,30.028408847367928
3669,0x5eaf,6.9875735014745715
3670,0x664c,31.868522231018233
3671,0x664d,-5.561387260604761
3672,0x6c00,26.926486900648797
3673,0x6c01,1.8300695339369213
3674,0x70c2,32.20310793496833
3675,0x70c3,5.051108547437934
3676,0x7638,36.492170334001685
3677,0x7639,5.229006904834705
3678,0x7abc,43.934617773235004
3679,0x7abd,4.449126260793719
3680,0x336c,0.0
3681,0x336d,0.0
3682,0x4042,0.0
3683,0x4043,0.0
3684,0x4baa,0.0
3685,0x4bab,0.0
3686,0x5622,0.0
3687,0x5623,0.0
3688,0x5eb0,0.0
3689,0x5eb1,0.0
3690,0x664e,0.0
3691,0x664f,0.0
3692,0x6c02,0.0
3693,0x6c03,0.0
3694,0x70c4,0.0
3695,0x70c5,0.0
3696,0x763a,0.0
3697,0x763b,0.0
3698,0x7abe,0.0
3699,0x7abf,0.0
3700,0x336e,0.0
3701,0x336f,0.0
3702,0x4044,0.0
3703,0x4045,0.0
3704,0x4bac,0.0
3705,0x4bad,0.0
3706,0x5624,0.0
3707,0x5625,0.0
3708,0x5eb2,0.0
3709,0x5eb3,0.0
3710,0x6650,0.0
3711,0x6651,0.0
3712,0x6c04,0.0
3713,0x6c05,0.0
3714,0x70c6,0.0
3715,0x70c7,0.0
3716,0x763c,0.0
3717,0x763d,0.0
3718,0x7ac0,0.0
3719,0x7ac1,0.0
3720,0x3370,0.0
3721,0x3371,0.0
3722,0x4046,0.0
3723,0x4047,0.0
3724,0x4bae,0.0
3725,0x4baf,0.0
3726,0x5626,0.0
3727,0x5627,0.0
3728,0x5eb4,0.0
3729,0x5eb5,0.0
3730,0x6652,0.0
3731,0x6653,0.0
3732,0x6c06,0.0
3733,0x6c07,0.0
3734,0x70c8,0.0
3735,0x70c9,0.0
3736,0x763e,0.0
3737,0x763f,0.0
3738,0x7ac2,0.0
3739,0x7ac3,0.0
3740,0x3372,0.0
3741,0x3373,0.0
3742,0x4048,0.0
3743,0x4049,0.0
3744,0x4bb0,0.0
3745,0x4bb1,0.0
3746,0x5628,0.0
3747,0x5629,0.0
3748,0x5eb6,0.0
3749,0x5eb7,0.0
3750,0x6654,0.0
3751,0x6655,0.0
3752,0x6c08,0.0
3753,0x6c09,0.0
3754,0x70ca,0.0
3755,0x70cb,0.0
3756,0x7640,0.0
3757,0x7641,0.0
3758,0x7ac4,0.0
3759,0x7ac5,0.0
3760,0x3374,0.0
3761,0x3375,0.0
3762,0x404a,0.0
3763,0x404b,0.0
3764,0x4bb2,0.0
3765,0x4bb3,0.0
3766,0x562a,0.0
3767,0x562b,0.0
3768,0x5eb8,0.0
3769,0x5eb9,0.0
3770,0x6656,0.0
3771,0x6657,0.0
3772,0x6c0a,0.0
3773,0x6c0b,0.0
3774,0x70cc,0.0
3775,0x70cd,0.0
3776,0x7642,0.0
3777,0x7643,0.0
3778,0x7ac6,0.0
3779,0x7ac7,0.0
3780,0x3376,0.0
3781,0x3377,0.0
3782,0x404c,0.0
3783,0x404d,0.0
3784,0x4bb4,0.0
3785,0x4bb5,0.0
3786,0x562c,0.0
3787,0x562d,0.0
3788,0x5eba,0.0
3789,0x5ebb,0.0
3790,0x6658,0.0
3791,0x6659,0.0
3792,0x6c0c,0.0
3793,0x6c0d,0.0
3794,0x70ce,0.0
3795,0x70cf,0.0
3796,0x7644,0.0
3797,0x7645,0.0
3798,0x7ac8,0.0
3799,0x7ac9,0.0
3800,0x3378,34.46296464664897
3801,0x3379,1.1442191966627888
3802,0x404e,42.482932827055265
3803,0x404f,15.330933439524642
3804,0x4bb6,41.85766631019192
3805,0x4bb7,12.650084901843002
3806,0x562e,36.80356804812641
3807,0x562f,9.651568660595558
3808,0x5ebc,34.01168378569264
3809,0x5ebd,3.570753164852249
3810,0x665a,34.618447956851696
3811,0x665b,1.2997025068657422
3812,0x6c0e,31.73199464730078
3813,0x6c0f,4.579995259770158
3814,0x70d0,39.06419770243838
3815,0x70d1,5.745452252452196
3816,0x7646,43.353260101472415
3817,0x7647,12.090096672304753
3818,0x7aca,45.86231069074097
3819,0x7acb,21.588126132356365
3820,0x337a,0.0
3821,0x337b,0.0
3822,0x4050,0.0
3823,0x4051,0.0
3824,0x4bb8,0.0
3825,0x4bb9,0.0
3826,0x5630,0.0
3827,0x5631,0.0
3828,0x5ebe,0.0
3829,0x5ebf,0.0
3830,0x665c,0.0
3831,0x665d,0.0
3832,0x6c10,0.0
3833,0x6c11,0.0
3834,0x70d2,0.0
3835,0x70d3,0.0
3836,0x7648,0.0
3837,0x7649,0.0
3838,0x7acc,0.0
3839,0x7acd,0.0
3840,0x337c,0.0
3841,0x337d,0.0
3842,0x4052,0.0
3843,0x4053,0.0
3844,0x4bba,0.0
3845,0x4bbb,0.0
3846,0x5632,0.0
3847,0x5633,0.0
3848,0x5ec0,0.0
3849,0x5ec1,0.0
3850,0x665e,0.0
3851,0x665f,0.0
3852,0x6c12,0.0
3853,0x6c13,0.0
3854,0x70d4,0.0
3855,0x70d5,0.0
3856,0x764a,0.0
3857,0x764b,0.0
3858,0x7ace,0.0
3859,0x7acf,0.0
3860,0x337e,0.0
3861,0x337f,0.0
3862,0x4054,0.0
3863,0x4055,0.0
3864,0x4bbc,0.0
3865,0x4bbd,0.0
3866,0x5634,0.0
3867,0x5635,0.0
3868,0x5ec2,0.0
3869,0x5ec3,0.0
3870,0x6660,0.0
3871,0x6661,0.0
3872,0x6c14,0.0
3873,0x6c15,0.0
3874,0x70d6,0.0
3875,0x70d7,0.0
3876,0x764c,0.0
3877,0x764d,0.0
3878,0x7ad0,0.0
3879,0x7ad1,0.0
3880,0x3380,0.0
3881,0x3381,0.0
3882,0x4056,0.0
3883,0x4057,0.0
3884,0x4bbe,0.0
3885,0x4bbf,0.0
3886,0x5636,0.0
3887,0x5637,0.0
3888,0x5ec4,0.0
3889,0x5ec5,0.0
3890,0x6662,0.0
3891,0x6663,0.0
3892,0x6c16,0.0
3893,0x6c17,0.0
3894,0x70d8,0.0
3895,0x70d9,0.0
3896,0x764e,0.0
3897,0x764f,0.0
3898,0x7ad2,0.0
3899,0x7ad3,0.0
3900,0x3382,0.0
3901,0x3383,0.0
3902,0x4058,0.0
3903,0x4059,0.0
3904,0x4bc0,0.0
3905,0x4bc1,0.0
3906,0x5638,0.0
3907,0x5639,0.0
3908,0x5ec6,0.0
3909,0x5ec7,0.0
3910,0x6664,0.0
3911,0x6665,0.0
3912,0x6c18,0.0
3913,0x6c19,0.0
3914,0x70da,0.0
3915,0x70db,0.0
3916,0x7650,0.0
3917,0x7651,0.0
3918,0x7ad4,0.0
3919,0x7ad5,0.0
3920,0x3384,0.0
3921,0x3385,0.0
3922,0x405a,0.0
3923,0x405b,0.0
3924,0x4bc2,0.0
3925,0x4bc3,0.0
3926,0x563a,0.0
3927,0x563b,0.0
3928,0x5ec8,0.0
3929,0x5ec9,0.0
3930,0x6666,0.0
3931,0x6667,0.0
3932,0x6c1a,0.0
3933,0x6c1b,0.0
3934,0x70dc,0.0
3935,0x70dd,0.0
3936,0x7652,0.0
3937,0x7653,0.0
3938,0x7ad6,0.0
3939,0x7ad7,0.0
3940,0x3386,32.51826403712789
3941,0x3387,3.3106826287792046
3942,0x405c,40.53823221753419
3943,0x405d,11.3306508091855
3944,0x4bc4,41.96854772148936
3945,0x4bc5,14.81654833395919
3946,0x563c,38.97003148024237
3947,0x563d,9.762450071893682
3948,0x5eca,34.12256519699008
3949,0x5ecb,3.6816345761503726
3950,0x6668,38.840493409786404
3951,0x6669,3.466165938982158
3952,0x6c1c,33.89845807941697
3953,0x6c1d,2.6352946502495342
3954,0x70de,37.11949709291798
3955,0x70df,9.967497705387586
3956,0x7654,43.46414151276986
3957,0x7655,8.08981404196561
3958,0x7ad8,48.85100693118443
3959,0x7ad9,19.64342552283574
3960,0x3388,0.0
3961,0x3389,0.0
3962,0x405e,0.0
3963,0x405f,0.0
3964,0x4bc6,0.0
3965,0x4bc7,0.0
3966,0x563e,0.0
3967,0x563f,0.0
3968,0x5ecc,0.0
3969,0x5ecd,0.0
3970,0x666a,0.0
3971,0x666b,0.0
3972,0x6c1e,0.0
3973,0x6c1f,0.0
3974,0x70e0,0.0
3975,0x70e1,0.0
3976,0x7656,0.0
3977,0x7657,0.0
3978,0x7ada,0.0
3979,0x7adb,0.0
3980,0x338a,0.0
3981,0x338b,0.0
3982,0x4060,0.0
3983,0x4061,0.0
3984,0x4bc8,0.0
3985,0x4bc9,0.0
3986,0x5640,0.0
3987,0x5641,0.0
3988,0x5ece,0.0
3989,0x5ecf,0.0
3990,0x666c,0.0
3991,0x666d,0.0
3992,0x6c20,0.0
3993,0x6c21,0.0
3994,0x70e2,0.0
3995,0x70e3,0.0
3996,0x7658,0.0
3997,0x7659,0.0
3998,0x7adc,0.0
3999,0x7add,0.0
4000,0x338c,0.0
4001,0x338d,0.0
4002,0x4062,0.0
4003,0x4063,0.0
4004,0x4bca,0.0
4005,0x4bcb,0.0
4006,0x5642,0.0
4007,0x5643,0.0
4008,0x5ed0,0.0
4009,0x5ed1,0.0
4010,0x666e,0.0
4011,0x666f,0.0
4012,0x6c22,0.0
4013,0x6c23,0.0
4014,0x70e4,0.0
4015,0x70e5,0.0
4016,0x765a,0.0
4017,0x765b,0.0
4018,0x7ade,0.0
4019,0x7adf,0.0
4020,0x338e,0.0
4021,0x338f,0.0
4022,0x4064,0.0
4023,0x4065,0.0
4024,0x4bcc,0.0
4025,0x4bcd,0.0
4026,0x5644,0.0
4027,0x5645,0.0
4028,0x5ed2,0.0
4029,0x5ed3,0.0
4030,0x6670,0.0
4031,0x6671,0.0
4032,0x6c24,0.0
4033,0x6c25,0.0
4034,0x70e6,0.0
4035,0x70e7,0.0
4036,0x765c,0.0
4037,0x765d,0.0
4038,0x7ae0,0.0
4039,0x7ae1,0.0
4040,0x3390,0.0
4041,0x3391,0.0
4042,0x4066,0.0
4043,0x4067,0.0
4044,0x4bce,0.0
4045,0x4bcf,0.0
4046,0x5646,0.0
4047,0x5647,0.0
4048,0x5ed4,0.0
4049,0x5ed5,0.0
4050,0x6672,0.0
4051,0x6673,0.0
4052,0x6c26,0.0
4053,0x6c27,0.0
4054,0x70e8,0.0
4055,0x70e9,0.0
4056,0x765e,0.0
4057,0x765f,0.0
4058,0x7ae2,0.0
4059,0x7ae3,0.0
4060,0x3392,0.0
4061,0x3393,0.0
4062,0x4068,0.0
4063,0x4069,0.0
4064,0x4bd0,0.0
4065,0x4bd1,0.0
4066,0x5648,0.0
4067,0x5649,0.0
4068,0x5ed6,0.0
4069,0x5ed7,0.0
4070,0x6674,0.0
4071,0x6675,0.0
4072,0x6c28,0.0
4073,0x6c29,0.0
4074,0x70ea,0.0
4075,0x70eb,0.0
4076,0x7660,0.0
4077,0x7661,0.0
4078,0x7ae4,0.0
4079,0x7ae5,0.0
4080,0x3394,30.61021789380038
4081,0x3395,1.402636485451012
4082,0x406a,40.685768095025196
4083,0x406b,11.478186686675826
4084,0x4bd2,40.060501578162075
4085,0x4bd3,12.908502190631225
4086,0x564a,37.06198533691486
4087,0x564b,7.854403928565489
4088,0x5ed8,33.0367518619903
4089,0x5ed9,4.240286857804449
4090,0x6676,34.876865245640374
4091,0x6677,1.5581197956539654
4092,0x6c2a,31.99041193608946
4093,0x6c2b,-3.38391553471547
4094,0x70ec,37.26703297040922
4095,0x70ed,10.115033582878368
4096,0x7662,41.556095369442346
4097,0x7663,6.181767898637645
4098,0x7ae6,46.94296078785692
4099,0x7ae7,11.568633317052218
4100,0x3396,0.0
4101,0x3397,0.0
4102,0x406c,0.0
4103,0x406d,0.0
4104,0x4bd4,0.0
4105,0x4bd5,0.0
4106,0x564c,0.0
4107,0x564d,0.0
4108,0x5eda,0.0
4109,0x5edb,0.0
4110,0x6678,0.0
4111,0x6679,0.0
4112,0x6c2c,0.0
4113,0x6c2d,0.0
4114,0x70ee,0.0
4115,0x70ef,0.0
4116,0x7664,0.0
4117,0x7665,0.0
4118,0x7ae8,0.0
4119,0x7ae9,0.0
4120,0x3398,0.0
4121,0x3399,0.0
4122,0x406e,0.0
4123,0x406f,0.0
4124,0x4bd6,0.0
4125,0x4bd7,0.0
4126,0x564e,0.0
4127,0x564f,0.0
4128,0x5edc,0.0
4129,0x5edd,0.0
4130,0x667a,0.0
4131,0x667b,0.0
4132,0x6c2e,0.0
4133,0x6c2f,0.0
4134,0x70f0,0.0
4135,0x70f1,0.0
4136,0x7666,0.0
4137,0x7667,0.0
4138,0x7aea,0.0
4139,0x7aeb,0.0
4140,0x339a,0.0
4141,0x339b,0.0
4142,0x4070,0.0
4143,0x4071,0.0
4144,0x4bd8,0.0
4145,0x4bd9,0.0
4146,0x5650,0.0
4147,0x5651,0.0
4148,0x5ede,0.0
4149,0x5edf,0.0
4150,0x667c,0.0
4151,0x667d,0.0
4152,0x6c30,0.0
4153,0x6c31,0.0
4154,0x70f2,0.0
4155,0x70f3,0.0
4156,0x7668,0.0
4157,0x7669,0.0
4158,0x7aec,0.0
4159,0x7aed,0.0
4160,0x339c,0.0
4161,0x339d,0.0
4162,0x4072,0.0
4163,0x4073,0.0
4164,0x4bda,0.0
4165,0x4bdb,0.0
4166,0x5652,0.0
4167,0x5653,0.0
4168,0x5ee0,0.0
4169,0x5ee1,0.0
4170,0x667e,0.0
4171,0x667f,0.0
4172,0x6c32,0.0
4173,0x6c33,0.0
4174,0x70f4,0.0
4175,0x70f5,0.0
4176,0x766a,0.0
4177,0x766b,0.0
4178,0x7aee,0.0
4179,0x7aef,0.0
4180,0x339e,0.0
4181,0x339f,0.0
4182,0x4074,0.0
4183,0x4075,0.0
4184,0x4bdc,0.0
4185,0x4bdd,0.0
4186,0x5654,0.0
4187,0x5655,0.0
4188,0x5ee2,0.0
4189,0x5ee3,0.0
4190,0x6680,0.0
4191,0x6681,0.0
4192,0x6c34,0.0
4193,0x6c35,0.0
4194,0x70f6,0.0
4195,0x70f7,0.0
4196,0x766c,0.0
4197,0x766d,0.0
4198,0x7af0,0.0
4199,0x7af1,0.0
4200,0x33a0,0.0
4201,0x33a1,0.0
4202,0x4076,0.0
4203,0x4077,0.0
4204,0x4bde,0.0
4205,0x4bdf,0.0
4206,0x5656,0.0
4207,0x5657,0.0
4208,0x5ee4,0.0
4209,0x5ee5,0.0
4210,0x6682,0.0
4211,0x6683,0.0
4212,0x6c36,0.0
4213,0x6c37,0.0
4214,0x70f8,0.0
4215,0x70f9,0.0
4216,0x766e,0.0
4217,0x766f,0.0
4218,0x7af2,0.0
4219,0x7af3,0.0
4220,0x33a2,32.73148018556003
4221,0x33a3,1.0572003522286195
4222,0x4078,42.80703038678462
4223,0x4079,15.655030999253995
4224,0x4be0,44.237345890740016
4225,0x4be1,12.974182461572354
4226,0x5658,39.18324762867451
4227,0x5659,5.864502178688326
4228,0x5ee6,36.39136336624006
4229,0x5ee7,10.061596787036706
4230,0x6684,32.886963495762984
4231,0x6685,5.7349641082323615
4232,0x6c38,32.05609220703013
4233,0x6c39,2.8485107986814455
4234,0x70fa,39.3882952621675
4235,0x70fb,12.23629587463688
4236,0x7670,43.677357661201995
4237,0x7671,8.303030190397294
4238,0x7af4,49.06422307961634
4239,0x7af5,15.745477629630159
4240,0x33a4,0.0
4241,0x33a5,0.0
4242,0x407a,0.0
4243,0x407b,0.0
4244,0x4be2,0.0
4245,0x4be3,0.0
4246,0x565a,0.0
4247,0x565b,0.0
4248,0x5ee8,0.0
4249,0x5ee9,0.0
4250,0x6686,0.0
4251,0x6687,0.0
4252,0x6c3a,0.0
4253,0x6c3b,0.0
4254,0x70fc,0.0
4255,0x70fd,0.0
4256,0x7672,0.0
4257,0x7673,0.0
4258,0x7af6,0.0
4259,0x7af7,0.0
4260,0x33a6,0.0
4261,0x33a7,0.0
4262,0x407c,0.0
4263,0x407d,0.0
4264,0x4be4,0.0
4265,0x4be5,0.0
4266,0x565c,0.0
4267,0x565d,0.0
4268,0x5eea,0.0
4269,0x5eeb,0.0
4270,0x6688,0.0
4271,0x6689,0.0
4272,0x6c3c,0.0
4273,0x6c3d,0.0
4274,0x70fe,0.0
4275,0x70ff,0.0
4276,0x7674,0.0
4277,0x7675,0.0
4278,0x7af8,0.0
4279,0x7af9,0.0
4280,0x33a8,0.0
4281,0x33a9,0.0
4282,0x407e,0.0
4283,0x407f,0.0
4284,0x4be6,0.0
4285,0x4be7,0.0
4286,0x565e,0.0
4287,0x565f,0.0
4288,0x5eec,0.0
4289,0x5eed,0.0
4290,0x668a,0.0
4291,0x668b,0.0
4292,0x6c3e,0.0
4293,0x6c3f,0.0
4294,0x7100,0.0
4295,0x7101,0.0
4296,0x7676,0.0
4297,0x7677,0.0
4298,0x7afa,0.0
4299,0x7afb,0.0
4300,0x33aa,0.0
4301,0x33ab,0.0
4302,0x4080,0.0
4303,0x4081,0.0
4304,0x4be8,0.0
4305,0x4be9,0.0
4306,0x5660,0.0
4307,0x5661,0.0
4308,0x5eee,0.0
4309,0x5eef,0.0
4310,0x668c,0.0
4311,0x668d,0.0
4312,0x6c40,0.0
4313,0x6c41,0.0
4314,0x7102,0.0
4315,0x7103,0.0
4316,0x7678,0.0
4317,0x7679,0.0
4318,0x7afc,0.0
4319,0x7afd,0.0
4320,0x33ac,0.0
4321,0x33ad,0.0
4322,0x4082,0.0
4323,0x4083,0.0
4324,0x4bea,0.0
4325,0x4beb,0.0
4326,0x5662,0.0
4327,0x5663,0.0
4328,0x5ef0,0.0
4329,0x5ef1,0.0
4330,0x668e,0.0
4331,0x668f,0.0
4332,0x6c42,0.0
4333,0x6c43,0.0
4334,0x7104,0.0
4335,0x7105,0.0
4336,0x767a,0.0
4337,0x767b,0.0
4338,0x7afe,0.0
4339,0x7aff,0.0
4340,0x33ae,0.0
4341,0x33af,0.0
4342,0x4084,0.0
4343,0x4085,0.0
4344,0x4bec,0.0
4345,0x4bed,0.0
4346,0x5664,0.0
4347,0x5665,0.0
4348,0x5ef2,0.0
4349,0x5ef3,0.0
4350,0x6690,0.0
4351,0x6691,0.0
4352,0x6c44,0.0
4353,0x6c45,0.0
4354,0x7106,0.0
4355,0x7107,0.0
4356,0x767c,0.0
4357,0x767d,0.0
4358,0x7b00,0.0
4359,0x7b01,0.0
4360,0x33b0,23.716701937016524
4361,0x33b1,-7.546461492151138
4362,0x4086,33.792252138241565
4363,0x4087,-1.5820753325629084
4364,0x4bee,35.22256764219651
4365,0x4bef,3.959404213028847
4366,0x5666,32.22405140094952
4367,0x5667,-3.150276069855181
4368,0x5ef4,30.254399946843478
4369,0x5ef5,-7.175509544779516
4370,0x6692,32.094513330493555
4371,0x6693,-9.446560202766705
4372,0x6c46,29.208060020942412
4373,0x6c47,-6.166267449862062
4374,0x7108,28.317934992806613
4375,0x7109,-0.8896464155425292
4376,0x767e,32.60699739183997
4377,0x767f,5.454998004309573
4378,0x7b02,40.04944483107306
4379,0x7b03,12.897445443542438
4380,0x33b2,0.0
4381,0x33b3,0.0
4382,0x4088,0.0
4383,0x4089,0.0
4384,0x4bf0,0.0
4385,0x4bf1,0.0
4386,0x5668,0.0
4387,0x5669,0.0
4388,0x5ef6,0.0
4389,0x5ef7,0.0
4390,0x6694,0.0
4391,0x6695,0.0
4392,0x6c48,0.0
4393,0x6c49,0.0
4394,0x710a,0.0
4395,0x710b,0.0
4396,0x7680,0.0
4397,0x7681,0.0
4398,0x7b04,0.0
4399,0x7b05,0.0
4400,0x33b4,0.0
4401,0x33b5,0.0
4402,0x408a,0.0
4403,0x408b,0.0
4404,0x4bf2,0.0
4405,0x4bf3,0.0
4406,0x566a,0.0
4407,0x566b,0.0
4408,0x5ef8,0.0
4409,0x5ef9,0.0
4410,0x6696,0.0
4411,0x6697,0.0
4412,0x6c4a,0.0
4413,0x6c4b,0.0
4414,0x710c,0.0
4415,0x710d,0.0
4416,0x7682,0.0
4417,0x7683,0.0
4418,0x7b06,0.0
4419,0x7b07,0.0
4420,0x33b6,0.0
4421,0x33b7,0.0
4422,0x408c,0.0
4423,0x408d,0.0
4424,0x4bf4,0.0
4425,0x4bf5,0.0
4426,0x566c,0.0
4427,0x566d,0.0
4428,0x5efa,0.0
4429,0x5efb,0.0
4430,0x6698,0.0
4431,0x6699,0.0
4432,0x6c4c,0.0
4433,0x6c4d,0.0
4434,0x710e,0.0
4435,0x710f,0.0
4436,0x7684,0.0
4437,0x7685,0.0
4438,0x7b08,0.0
4439,0x7b09,0.0
4440,0x33b8,0.0
4441,0x33b9,0.0
4442,0x408e,0.0
4443,0x408f,0.0
4444,0x4bf6,0.0
4445,0x4bf7,0.0
4446,0x566e,0.0
4447,0x566f,0.0
4448,0x5efc,0.0
4449,0x5efd,0.0
4450,0x669a,0.0
4451,0x669b,0.0
4452,0x6c4e,0.0
4453,0x6c4f,0.0
4454,0x7110,0.0
4455,0x7111,0.0
4456,0x7686,0.0
4457,0x7687,0.0
4458,0x7b0a,0.0
4459,0x7b0b,0.0
4460,0x33ba,0.0
4461,0x33bb,0.0
4462,0x4090,0.0
4463,0x4091,0.0
4464,0x4bf8,0.0
4465,0x4bf9,0.0
4466,0x5670,0.0
4467,0x5671,0.0
4468,0x5efe,0.0
4469,0x5eff,0.0
4470,0x669c,0.0
4471,0x669d,0.0
4472,0x6c50,0.0
4473,0x6c51,0.0
4474,0x7112,0.0
4475,0x7113,0.0
4476,0x7688,0.0
4477,0x7689,0.0
4478,0x7b0c,0.0
4479,0x7b0d,0.0
4480,0x33bc,0.0
4481,0x33bd,0.0
4482,0x4092,0.0
4483,0x4093,0.0
4484,0x4bfa,0.0
4485,0x4bfb,0.0
4486,0x5672,0.0
4487,0x5673,0.0
4488,0x5f00,0.0
4489,0x5f01,0.0
4490,0x669e,0.0
4491,0x669f,0.0
4492,0x6c52,0.0
4493,0x6c53,0.0
4494,0x7114,0.0
4495,0x7115,0.0
4496,0x768a,0.0
4497,0x768b,0.0
4498,0x7b0e,0.0
4499,0x7b0f,0.0
4500,0x33be,23.014328302404465
4501,0x33bf,-10.30441714758149
4502,0x4094,33.08987850362951
4503,0x4095,-4.340030987993259
4504,0x4bfc,34.52019400758445
4505,0x4bfd,5.3126125992355355
4506,0x5674,25.354931703881903
4507,0x5675,-5.908231725285532
4508,0x5f02,21.329698228957568
4509,0x5f03,-5.8223011585726
4510,0x66a0,23.16981161260742
4511,0x66a1,-3.982187774922977
4512,0x6c54,18.227776282237983
4513,0x6c55,-5.224175467819123
4514,0x7116,29.6711433790133
4515,0x7117,-5.703184091791172
4516,0x768c,33.96020577804643
4517,0x768d,0.6414603280607025
4518,0x7b10,36.88037277147873
4519,0x7b11,1.917161704838236
4520,0x33c0,0.0
4521,0x33c1,0.0
4522,0x4096,0.0
4523,0x4097,0.0
4524,0x4bfe,0.0
4525,0x4bff,0.0
4526,0x5676,0.0
4527,0x5677,0.0
4528,0x5f04,0.0
4529,0x5f05,0.0
4530,0x66a2,0.0
4531,0x66a3,0.0
4532,0x6c56,0.0
4533,0x6c57,0.0
4534,0x7118,0.0
4535,0x7119,0.0
4536,0x768e,0.0
4537,0x768f,0.0
4538,0x7b12,0.0
4539,0x7b13,0.0
4540,0x33c2,0.0
4541,0x33c3,0.0
4542,0x4098,0.0
4543,0x4099,0.0
4544,0x4c00,0.0
4545,0x4c01,0.0
4546,0x5678,0.0
4547,0x5679,0.0
4548,0x5f06,0.0
4549,0x5f07,0.0
4550,0x66a4,0.0
4551,0x66a5,0.0
4552,0x6c58,0.0
4553,0x6c59,0.0
4554,0x711a,0.0
4555,0x711b,0.0
4556,0x7690,0.0
4557,0x7691,0.0
4558,0x7b14,0.0
4559,0x7b15,0.0
4560,0x33c4,0.0
4561,0x33c5,0.0
4562,0x409a,0.0
4563,0x409b,0.0
4564,0x4c02,0.0
4565,0x4c03,0.0
4566,0x567a,0.0
4567,0x567b,0.0
4568,0x5f08,0.0
4569,0x5f09,0.0
4570,0x66a6,0.0
4571,0x66a7,0.0
4572,0x6c5a,0.0
4573,0x6c5b,0.0
4574,0x711c,0.0
4575,0x711d,0.0
4576,0x7692,0.0
4577,0x7693,0.0
4578,0x7b16,0.0
4579,0x7b17,0.0
4580,0x33c6,0.0
4581,0x33c7,0.0
4582,0x409c,0.0
4583,0x409d,0.0
4584,0x4c04,0.0
4585,0x4c05,0.0
4586,0x567c,0.0
4587,0x567d,0.0
4588,0x5f0a,0.0
4589,0x5f0b,0.0
4590,0x66a8,0.0
4591,0x66a9,0.0
4592,0x6c5c,0.0
4593,0x6c5d,0.0
4594,0x711e,0.0
4595,0x711f,0.0
4596,0x7694,0.0
4597,0x7695,0.0
4598,0x7b18,0.0
4599,0x7b19,0.0
4600,0x33c8,0.0
4601,0x33c9,0.0
4602,0x409e,0.0
4603,0x409f,0.0
4604,0x4c06,0.0
4605,0x4c07,0.0
4606,0x567e,0.0
4607,0x567f,0.0
4608,0x5f0c,0.0
4609,0x5f0d,0.0
4610,0x66aa,0.0
4611,0x66ab,0.0
4612,0x6c5e,0.0
4613,0x6c5f,0.0
4614,0x7120,0.0
4615,0x7121,0.0
4616,0x7696,0.0
4617,0x7697,0.0
4618,0x7b1a,0.0
4619,0x7b1b,0.0
4620,0x33ca,0.0
4621,0x33cb,0.0
4622,0x40a0,0.0
4623,0x40a1,0.0
4624,0x4c08,0.0
4625,0x4c09,0.0
4626,0x5680,0.0
4627,0x5681,0.0
4628,0x5f0e,0.0
4629,0x5f0f,0.0
4630,0x66ac,0.0
4631,0x66ad,0.0
4632,0x6c60,0.0
4633,0x6c61,0.0
4634,0x7122,0.0
4635,0x7123,0.0
4636,0x7698,0.0
4637,0x7699,0.0
4638,0x7b1c,0.0
4639,0x7b1d,0.0
4640,0x33cc,22.550355418421987
4641,0x33cd,-14.879554073201007
4642,0x40a2,32.6259056196468
4643,0x40a3,-0.6928398303391532
4644,0x4c0a,32.00063910278345
4645,0x4c0b,-1.3181063472025016
4646,0x5682,26.946540840717944
4647,0x5683,-4.316622588449491
4648,0x5f10,14.698979282519076
4649,0x5f11,-8.34185606337428
4650,0x66ae,22.70583872862494
4651,0x66af,-8.557324700542495
4652,0x6c62,21.874967439892544
4653,0x6c63,-7.332613968456599
4654,0x7124,29.20717049503014
4655,0x7125,-0.00041091331854659074
4656,0x769a,29.38506885242714
4657,0x769b,0.17748744407799677
4658,0x7b1e,32.716352250022965
4659,0x7b1f,5.564352862492569
4660,0x33ce,0.0
4661,0x33cf,0.0
4662,0x40a4,0.0
4663,0x40a5,0.0
4664,0x4c0c,0.0
4665,0x4c0d,0.0
4666,0x5684,0.0
4667,0x5685,0.0
4668,0x5f12,0.0
4669,0x5f13,0.0
4670,0x66b0,0.0
4671,0x66b1,0.0
4672,0x6c64,0.0
4673,0x6c65,0.0
4674,0x7126,0.0
4675,0x7127,0.0
4676,0x769c,0.0
4677,0x769d,0.0
4678,0x7b20,0.0
4679,0x7b21,0.0
4680,0x33d0,0.0
4681,0x33d1,0.0
4682,0x40a6,0.0
4683,0x40a7,0.0
4684,0x4c0e,0.0
4685,0x4c0f,0.0
4686,0x5686,0.0
4687,0x5687,0.0
4688,0x5f14,0.0
4689,0x5f15,0.0
4690,0x66b2,0.0
4691,0x66b3,0.0
4692,0x6c66,0.0
4693,0x6c67,0.0
4694,0x7128,0.0
4695,0x7129,0.0
4696,0x769e,0.0
4697,0x769f,0.0
4698,0x7b22,0.0
4699,0x7b23,0.0
4700,0x33d2,0.0
4701,0x33d3,0.0
4702,0x40a8,0.0
4703,0x40a9,0.0
4704,0x4c10,0.0
4705,0x4c11,0.0
4706,0x5688,0.0
4707,0x5689,0.0
4708,0x5f16,0.0
4709,0x5f17,0.0
4710,0x66b4,0.0
4711,0x66b5,0.0
4712,0x6c68,0.0
4713,0x6c69,0.0
4714,0x712a,0.0
4715,0x712b,0.0
4716,0x76a0,0.0
4717,0x76a1,0.0
4718,0x7b24,0.0
4719,0x7b25,0.0
4720,0x33d4,0.0
4721,0x33d5,0.0
4722,0x40aa,0.0
4723,0x40ab,0.0
4724,0x4c12,0.0
4725,0x4c13,0.0
4726,0x568a,0.0
4727,0x568b,0.0
4728,0x5f18,0.0
4729,0x5f19,0.0
4730,0x66b6,0.0
4731,0x66b7,0.0
4732,0x6c6a,0.0
4733,0x6c6b,0.0
4734,0x712c,0.0
4735,0x712d,0.0
4736,0x76a2,0.0
4737,0x76a3,0.0
4738,0x7b26,0.0
4739,0x7b27,0.0
4740,0x33d6,0.0
4741,0x33d7,0.0
4742,0x40ac,0.0
4743,0x40ad,0.0
4744,0x4c14,0.0
4745,0x4c15,0.0
4746,0x568c,0.0
4747,0x568d,0.0
4748,0x5f1a,0.0
4749,0x5f1b,0.0
4750,0x66b8,0.0
4751,0x66b9,0.0
4752,0x6c6c,0.0
4753,0x6c6d,0.0
4754,0x712e,0.0
4755,0x712f,0.0
4756,0x76a4,0.0
4757,0x76a5,0.0
4758,0x7b28,0.0
4759,0x7b29,0.0
4760,0x33d8,0.0
4761,0x33d9,0.0
4762,0x40ae,0.0
4763,0x40af,0.0
4764,0x4c16,0.0
4765,0x4c17,0.0
4766,0x568e,0.0
4767,0x568f,0.0
4768,0x5f1c,0.0
4769,0x5f1d,0.0
4770,0x66ba,0.0
4771,0x66bb,0.0
4772,0x6c6e,0.0
4773,0x6c6f,0.0
4774,0x7130,0.0
4775,0x7131,0.0
4776,0x76a6,0.0
4777,0x76a7,0.0
4778,0x7b2a,0.0
4779,0x7b2b,0.0
4780,0x33da,17.483310194684464
4781,0x33db,-11.724271213664451
4782,0x40b0,27.558860395909733
4783,0x40b1,-5.759885054075994
4784,0x4c18,31.044757920683423
4785,0x4c19,-0.21840550848401108
4786,0x5690,23.93507763779894
4787,0x5691,-10.205900620514285
4788,0x5f1e,17.854262142056086
4789,0x5f1f,-9.297737245474309
4790,0x66bc,19.694375525706164
4791,0x66bd,-7.457623861824459
4792,0x6c70,18.86350423697354
4793,0x6c71,-12.39965919219344
4794,0x7132,22.084543250474553
4795,0x7133,-3.0118741162373226
4796,0x76a8,27.195838457835862
4797,0x76a9,-6.945139800477364
4798,0x7b2c,33.816053088741455
4799,0x7b2d,2.5528896595740207
4800,0x33dc,0.0
4801,0x33dd,0.0
4802,0x40b2,0.0
4803,0x40b3,0.0
4804,0x4c1a,0.0
4805,0x4c1b,0.0
4806,0x5692,0.0
4807,0x5693,0.0
4808,0x5f20,0.0
4809,0x5f21,0.0
4810,0x66be,0.0
4811,0x66bf,0.0
4812,0x6c72,0.0
4813,0x6c73,0.0
4814,0x7134,0.0
4815,0x7135,0.0
4816,0x76aa,0.0
4817,0x76ab,0.0
4818,0x7b2e,0.0
4819,0x7b2f,0.0
4820,0x33de,0.0
4821,0x33df,0.0
4822,0x40b4,0.0
4823,0x40b5,0.0
4824,0x4c1c,0.0
4825,0x4c1d,0.0
4826,0x5694,0.0
4827,0x5695,0.0
4828,0x5f22,0.0
4829,0x5f23,0.0
4830,0x66c0,0.0
4831,0x66c1,0.0
4832,0x6c74,0.0
4833,0x6c75,0.0
4834,0x7136,0.0
4835,0x7137,0.0
4836,0x76ac,0.0
4837,0x76ad,0.0
4838,0x7b30,0.0
4839,0x7b31,0.0
4840,0x33e0,0.0
4841,0x33e1,0.0
4842,0x40b6,0.0
4843,0x40b7,0.0
4844,0x4c1e,0.0
4845,0x4c1f,0.0
4846,0x5696,0.0
4847,0x5697,0.0
4848,0x5f24,0.0
4849,0x5f25,0.0
4850,0x66c2,0.0
4851,0x66c3,0.0
4852,0x6c76,0.0
4853,0x6c77,0.0
4854,0x7138,0.0
4855,0x7139,0.0
4856,0x76ae,0.0
4857,0x76af,0.0
4858,0x7b32,0.0
4859,0x7b33,0.0
4860,0x33e2,0.0
4861,0x33e3,0.0
4862,0x40b8,0.0
4863,0x40b9,0.0
4864,0x4c20,0.0
4865,0x4c21,0.0
4866,0x5698,0.0
4867,0x5699,0.0
4868,0x5f26,0.0
4869,0x5f27,0.0
4870,0x66c4,0.0
4871,0x66c5,0.0
4872,0x6c78,0.0
4873,0x6c79,0.0
4874,0x713a,0.0
4875,0x713b,0.0
4876,0x76b0,0.0
4877,0x76b1,0.0
4878,0x7b34,0.0
4879,0x7b35,0.0
4880,0x33e4,0.0
4881,0x33e5,0.0
4882,0x40ba,0.0
4883,0x40bb,0.0
4884,0x4c22,0.0
4885,0x4c23,0.0
4886,0x569a,0.0
4887,0x569b,0.0
4888,0x5f28,0.0
4889,0x5f29,0.0
4890,0x66c6,0.0
4891,0x66c7,0.0
4892,0x6c7a,0.0
4893,0x6c7b,0.0
4894,0x713c,0.0
4895,0x713d,0.0
4896,0x76b2,0.0
4897,0x76b3,0.0
4898,0x7b36,0.0
4899,0x7b37,0.0
